Numero;Area;Idioma;Gabarito;sim_AB;sim_AC;sim_AD;sim_AE;sim_BC;sim_BD;sim_BE;sim_CD;sim_CE;sim_DE;sim_media;sim_maxima;par_mais_similar
1;Linguagens, Códigos e suas Tecnologias;Inglês;E;0.4386938810348511;0.2848808765411377;0.31582194566726685;0.4328635334968567;0.5110132098197937;0.5980044603347778;0.6261446475982666;0.4097222089767456;0.3917081356048584;0.68278968334198;0.4691642582416534;0.68278968334198;DE
1;Linguagens, Códigos e suas Tecnologias;Espanhol;D;0.20696116983890533;0.16355019807815552;0.16924065351486206;0.0741044208407402;0.10289853811264038;0.03779283165931702;0.12368221580982208;0.09354200959205627;0.06295639276504517;0.49730777740478516;0.1532036207616329;0.49730777740478516;DE
2;Linguagens, Códigos e suas Tecnologias;Inglês;A;0.4784916937351227;0.5337702035903931;0.4138737916946411;0.6061766743659973;0.4757445454597473;0.5164504051208496;0.3348150849342346;0.29747074842453003;0.5218309164047241;0.5654246807098389;0.47440487444400786;0.6061766743659973;AE
2;Linguagens, Códigos e suas Tecnologias;Espanhol;D;0.4586508870124817;0.36265844106674194;0.21986587345600128;0.27914077043533325;0.16125941276550293;0.25393909215927124;0.16616986691951752;0.2275674045085907;0.38684722781181335;0.2517892122268677;0.27678881883621215;0.4586508870124817;AB
3;Linguagens, Códigos e suas Tecnologias;Inglês;A;0.5136420726776123;0.2263900339603424;0.3973979353904724;0.35867008566856384;0.24714165925979614;0.36832237243652344;0.3829313814640045;0.43203261494636536;0.40374574065208435;0.3780922293663025;0.37083661258220674;0.5136420726776123;AB
3;Linguagens, Códigos e suas Tecnologias;Espanhol;C;0.2708388864994049;0.30338913202285767;0.5189291834831238;0.3682107925415039;0.481616348028183;0.3208518922328949;0.18454855680465698;0.5462818145751953;0.4296179413795471;0.2688039541244507;0.3693088501691818;0.5462818145751953;CD
4;Linguagens, Códigos e suas Tecnologias;Inglês;A;0.26594769954681396;0.3907181918621063;0.2385062426328659;0.21982209384441376;0.23368598520755768;0.6820080280303955;0.3140161335468292;0.2357875406742096;0.1726343184709549;0.22939221560955048;0.29825184494256973;0.6820080280303955;BD
4;Linguagens, Códigos e suas Tecnologias;Espanhol;D;0.4146866202354431;0.40989214181900024;0.4627547562122345;0.2709610164165497;0.32133567333221436;0.4387604594230652;0.2259596437215805;0.3804078698158264;0.2715805172920227;0.487615168094635;0.36839538663625715;0.487615168094635;DE
5;Linguagens, Códigos e suas Tecnologias;Inglês;C;0.23117846250534058;0.48064154386520386;0.461957722902298;0.24876035749912262;0.5942381620407104;0.45995453000068665;0.48014020919799805;0.7014299035072327;0.49710893630981445;0.48932161927223206;0.46447314471006396;0.7014299035072327;CD
5;Linguagens, Códigos e suas Tecnologias;Espanhol;A;0.6595792174339294;0.5575491786003113;0.7057002782821655;0.7075422406196594;0.4328739643096924;0.4441986382007599;0.47704169154167175;0.6956566572189331;0.5955599546432495;0.8268581628799438;0.6102559983730316;0.8268581628799438;DE
6;Linguagens, Códigos e suas Tecnologias;;D;0.43432897329330444;0.5233674645423889;0.4846656024456024;0.30972301959991455;0.4671006202697754;0.41213417053222656;0.5036633014678955;0.6419894695281982;0.3519272208213806;0.3263855278491974;0.4455285370349884;0.6419894695281982;CD
7;Linguagens, Códigos e suas Tecnologias;;D;0.21077832579612732;0.5554746389389038;0.3276245594024658;0.19730859994888306;0.2904418408870697;0.5734980702400208;0.5042697191238403;0.31247347593307495;0.3186579644680023;0.5308074355125427;0.3821334630250931;0.5734980702400208;BD
8;Linguagens, Códigos e suas Tecnologias;;C;0.41237810254096985;0.4482884109020233;0.464423269033432;0.1927904635667801;0.3696993291378021;0.3124840259552002;0.27356868982315063;0.4603733420372009;0.45786231756210327;0.3537576198577881;0.37456255704164504;0.464423269033432;AD
9;Linguagens, Códigos e suas Tecnologias;;B;0.48122817277908325;0.5361078381538391;0.3864911198616028;0.46500009298324585;0.500873863697052;0.5635239481925964;0.6412750482559204;0.48085707426071167;0.6565355062484741;0.5605111718177795;0.5272403836250306;0.6565355062484741;CE
10;Linguagens, Códigos e suas Tecnologias;;D;0.696607768535614;0.6714563369750977;0.5362172722816467;0.5224359631538391;0.6949937343597412;0.7248470783233643;0.6592099666595459;0.6201688051223755;0.7267401218414307;0.7456824779510498;0.6598359525203705;0.7456824779510498;DE
11;Linguagens, Códigos e suas Tecnologias;;E;0.40246137976646423;0.5176640152931213;0.4858725965023041;0.3999103903770447;0.5973703861236572;0.7324596643447876;0.5516998767852783;0.6914422512054443;0.564620316028595;0.5830973386764526;0.5526598215103149;0.7324596643447876;BD
12;Linguagens, Códigos e suas Tecnologias;;E;0.5112180113792419;0.3237241208553314;0.39033186435699463;0.22792160511016846;0.17187470197677612;0.46280479431152344;0.2740201950073242;0.23859025537967682;0.20699575543403625;0.3535381555557251;0.31610194593667984;0.5112180113792419;AB
13;Linguagens, Códigos e suas Tecnologias;;C;0.27097323536872864;0.3551138639450073;0.3573009967803955;0.3341575264930725;0.25574493408203125;0.263645201921463;0.46473005414009094;0.45429176092147827;0.3981821537017822;0.38726097345352173;0.35414007008075715;0.46473005414009094;BE
14;Linguagens, Códigos e suas Tecnologias;;E;0.24003978073596954;0.5880581140518188;0.4027501344680786;0.5664522647857666;0.39951613545417786;0.44631606340408325;0.4297584593296051;0.5090280771255493;0.5617323517799377;0.5159841179847717;0.46596354991197586;0.5880581140518188;AC
15;Linguagens, Códigos e suas Tecnologias;;E;0.4104827046394348;0.36382609605789185;0.570477306842804;0.5542205572128296;0.43590247631073;0.2964221239089966;0.4857090413570404;0.3903302550315857;0.4674278199672699;0.6377049684524536;0.46125033497810364;0.6377049684524536;DE
16;Linguagens, Códigos e suas Tecnologias;;C;0.4086539149284363;0.37785467505455017;0.4682702422142029;0.25307637453079224;0.5599493980407715;0.35402268171310425;0.26100289821624756;0.4994310736656189;0.3491761088371277;0.3691680133342743;0.3900605380535126;0.5599493980407715;BC
17;Linguagens, Códigos e suas Tecnologias;;B;0.5185279250144958;0.47211241722106934;0.4174857437610626;0.2493932545185089;0.5780580639839172;0.5147013664245605;0.3501477837562561;0.43789219856262207;0.3785912096500397;0.42154550552368164;0.4338455468416214;0.5780580639839172;BC
18;Linguagens, Códigos e suas Tecnologias;;D;0.4469238221645355;0.4971601366996765;0.5671588182449341;0.22545959055423737;0.47552740573883057;0.5271140336990356;0.22298955917358398;0.4808371067047119;0.24563296139240265;0.4081742763519287;0.4096977710723877;0.5671588182449341;AD
19;Linguagens, Códigos e suas Tecnologias;;C;0.34917885065078735;0.3680385947227478;0.3774860203266144;0.35751771926879883;0.4547536373138428;0.4072891175746918;0.5348180532455444;0.503331184387207;0.477453351020813;0.5120485424995422;0.43419150710105897;0.5348180532455444;BE
20;Linguagens, Códigos e suas Tecnologias;;D;0.2701266407966614;0.27332553267478943;0.3056182563304901;0.09159424901008606;0.22659525275230408;0.26074308156967163;0.1678343117237091;0.4260537326335907;0.24092984199523926;0.3610461950302124;0.2623867094516754;0.4260537326335907;CD
21;Linguagens, Códigos e suas Tecnologias;;A;0.43773412704467773;0.4180321991443634;0.1636449247598648;0.2864580452442169;0.32305049896240234;0.10327258706092834;0.24869504570960999;0.17825967073440552;0.125485360622406;0.027458420023322105;0.23120908793061973;0.43773412704467773;AB
22;Linguagens, Códigos e suas Tecnologias;;D;0.4067836403846741;0.3116423785686493;0.3688582181930542;0.19318902492523193;0.32707035541534424;0.4786102771759033;0.3240145444869995;0.4136781096458435;0.4001445174217224;0.3596346378326416;0.3583625704050064;0.4786102771759033;BD
23;Linguagens, Códigos e suas Tecnologias;;E;0.5572614669799805;0.2111704796552658;0.5929502844810486;0.17926302552223206;0.31274649500846863;0.47020989656448364;0.32916778326034546;0.25453776121139526;0.6195836067199707;0.2104359269142151;0.3737326726317406;0.6195836067199707;CE
24;Linguagens, Códigos e suas Tecnologias;;E;0.43241387605667114;0.36958712339401245;0.3826713562011719;0.3752397298812866;0.4488269090652466;0.4133257269859314;0.5080541372299194;0.40821173787117004;0.332899808883667;0.3532390594482422;0.40244694650173185;0.5080541372299194;BE
25;Linguagens, Códigos e suas Tecnologias;;B;0.4617990255355835;0.43400388956069946;0.3457746207714081;0.42903804779052734;0.45063909888267517;0.5735880136489868;0.7079875469207764;0.38033345341682434;0.30511918663978577;0.4286018908023834;0.45168847739696505;0.7079875469207764;BE
26;Linguagens, Códigos e suas Tecnologias;;C;0.35507670044898987;0.3633524775505066;0.15285643935203552;0.3846113681793213;0.42350322008132935;0.22310273349285126;0.4661799669265747;0.43122464418411255;0.28225207328796387;0.15978583693504333;0.3241945460438728;0.4661799669265747;BE
27;Linguagens, Códigos e suas Tecnologias;;B;0.4404240846633911;0.5892749428749084;0.515516459941864;0.4204208254814148;0.41101759672164917;0.49401602149009705;0.6061053276062012;0.6739388108253479;0.30364230275154114;0.4289483428001404;0.4883304715156555;0.6739388108253479;CD
28;Linguagens, Códigos e suas Tecnologias;;E;0.3320547938346863;0.36717578768730164;0.28340601921081543;0.2815573811531067;0.6606012582778931;0.4889429807662964;0.3071233630180359;0.6146003007888794;0.23496860265731812;0.25682953000068665;0.38272600173950194;0.6606012582778931;BC
29;Linguagens, Códigos e suas Tecnologias;;B;0.45952942967414856;0.3071133494377136;0.2624804377555847;0.24139787256717682;0.393147349357605;0.5784980058670044;0.3242512345314026;0.3043362498283386;0.301822304725647;0.4125041961669922;0.35850804299116135;0.5784980058670044;BD
30;Linguagens, Códigos e suas Tecnologias;;A;0.2810206413269043;0.4292556345462799;0.37559622526168823;0.3856924772262573;0.4260461926460266;0.3782389163970947;0.19213207066059113;0.4354214072227478;0.3472771942615509;0.4274776875972748;0.36781584471464157;0.4354214072227478;CD
31;Linguagens, Códigos e suas Tecnologias;;D;0.5065944194793701;0.3654937148094177;0.6385179758071899;0.5040004253387451;0.46750617027282715;0.553514838218689;0.49260446429252625;0.4048283100128174;0.3345365524291992;0.5677415728569031;0.4835338443517685;0.6385179758071899;AD
32;Linguagens, Códigos e suas Tecnologias;;B;0.6290892362594604;0.47425413131713867;0.5419975519180298;0.576604962348938;0.21810217201709747;0.4121648967266083;0.5219122171401978;0.3388550579547882;0.2992990016937256;0.5593070983886719;0.4571586325764656;0.6290892362594604;AB
33;Linguagens, Códigos e suas Tecnologias;;C;0.22140544652938843;0.24484142661094666;0.22292596101760864;-0.04443911090493202;0.1276245266199112;0.2813689708709717;0.029041212052106857;0.06158236786723137;0.3619385361671448;0.0491519570350647;0.15554412938654422;0.3619385361671448;CE
34;Linguagens, Códigos e suas Tecnologias;;E;0.6309930086135864;0.5204784870147705;0.4890139698982239;0.549294114112854;0.44079163670539856;0.358211874961853;0.5344749689102173;0.501520037651062;0.4111175537109375;0.41980040073394775;0.4855696052312851;0.6309930086135864;AB
35;Linguagens, Códigos e suas Tecnologias;;B;0.3292728066444397;0.3717210590839386;0.40970224142074585;0.406311571598053;0.4234355092048645;0.3334060311317444;0.30857834219932556;0.31663569808006287;0.3240565061569214;0.37164202332496643;0.3594761788845062;0.4234355092048645;BC
36;Linguagens, Códigos e suas Tecnologias;;D;0.6715520024299622;0.4281806945800781;0.4198489487171173;0.23752102255821228;0.4293181002140045;0.37534114718437195;0.17476782202720642;0.15491251647472382;0.3545195758342743;0.44283172488212585;0.36887935549020767;0.6715520024299622;AB
37;Linguagens, Códigos e suas Tecnologias;;B;0.6668744087219238;0.5257219076156616;0.6819992065429688;0.5949575304985046;0.4767691493034363;0.6667335629463196;0.5640156269073486;0.6004053950309753;0.4567340016365051;0.6515989303588867;0.588580971956253;0.6819992065429688;AD
38;Linguagens, Códigos e suas Tecnologias;;D;0.4565843343734741;0.407992422580719;0.2086300551891327;0.38736462593078613;0.22691914439201355;0.35151565074920654;0.4511365592479706;0.22153688967227936;0.29880356788635254;0.42071112990379333;0.3431194379925728;0.4565843343734741;AB
39;Linguagens, Códigos e suas Tecnologias;;D;0.5617914199829102;0.1583745777606964;0.489067405462265;0.3954172134399414;0.2578183114528656;0.5721964836120605;0.4257500171661377;0.3211294412612915;0.39802268147468567;0.5190112590789795;0.40985788106918336;0.5721964836120605;BD
40;Linguagens, Códigos e suas Tecnologias;;D;0.19845320284366608;0.43258199095726013;0.32169976830482483;0.1900423765182495;0.2666967213153839;0.27544212341308594;0.3349607586860657;0.2802618741989136;0.22659891843795776;0.5130641460418701;0.3039801880717278;0.5130641460418701;DE
41;Linguagens, Códigos e suas Tecnologias;;D;0.10675996541976929;0.2636733055114746;0.25536492466926575;0.30943143367767334;0.3166309893131256;0.48257672786712646;0.23238825798034668;0.25791633129119873;0.1913135051727295;0.3570360243320465;0.27730914652347566;0.48257672786712646;BD
42;Linguagens, Códigos e suas Tecnologias;;C;0.2320614755153656;0.3040024936199188;0.40875694155693054;0.5261460542678833;0.4951576590538025;0.30539363622665405;0.3256843388080597;0.5139188766479492;0.5668787956237793;0.6216323971748352;0.4299632668495178;0.6216323971748352;DE
43;Linguagens, Códigos e suas Tecnologias;;E;0.02605467662215233;0.21125753223896027;0.24989944696426392;0.25384521484375;0.09316616505384445;0.26800116896629333;0.4706042408943176;0.2688848078250885;0.38900309801101685;0.522821843624115;0.2753538195043802;0.522821843624115;DE
44;Linguagens, Códigos e suas Tecnologias;;C;0.4419706463813782;0.39145156741142273;0.33545827865600586;0.43213513493537903;0.4902212619781494;0.42924144864082336;0.3844339847564697;0.49517738819122314;0.43420252203941345;0.39434629678726196;0.4228638529777527;0.49517738819122314;CD
45;Linguagens, Códigos e suas Tecnologias;;B;0.15139831602573395;0.23383121192455292;0.18772733211517334;0.2873757481575012;0.19890645146369934;0.4997100830078125;0.47445687651634216;0.17294766008853912;0.31543102860450745;0.18569454550743103;0.2707479253411293;0.4997100830078125;BD
46;Ciências Humanas e suas Tecnologias;;C;0.3310142755508423;0.5038448572158813;0.3998471796512604;0.4010651409626007;0.371706485748291;0.2905420660972595;0.22761741280555725;0.2936323285102844;0.34192463755607605;0.2532927989959717;0.3414487183094025;0.5038448572158813;AC
47;Ciências Humanas e suas Tecnologias;;A;0.3417883515357971;0.3447626233100891;0.3450435996055603;0.2979782819747925;0.28801608085632324;0.3535521626472473;0.3080577254295349;0.24919933080673218;0.42048466205596924;0.45204034447669983;0.3400923162698746;0.45204034447669983;DE
48;Ciências Humanas e suas Tecnologias;;E;0.4998955726623535;0.44942888617515564;0.3559192717075348;0.5835024118423462;0.5107574462890625;0.3536701500415802;0.4478537142276764;0.3793703019618988;0.4038420021533966;0.4721638560295105;0.4456403613090515;0.5835024118423462;AE
49;Ciências Humanas e suas Tecnologias;;D;0.5508620142936707;0.42438361048698425;0.3253048062324524;0.3356550335884094;0.42505383491516113;0.2660588324069977;0.27040302753448486;0.5322037935256958;0.34743940830230713;0.43177586793899536;0.39091402292251587;0.5508620142936707;AB
50;Ciências Humanas e suas Tecnologias;;B;0.4275822043418884;0.29115355014801025;0.6939122080802917;0.15746229887008667;0.3321329653263092;0.5315366983413696;0.4128393530845642;0.2886473536491394;0.30975139141082764;0.2819405496120453;0.37269585728645327;0.6939122080802917;AD
51;Ciências Humanas e suas Tecnologias;;A;0.35234689712524414;0.2653214931488037;0.22056762874126434;0.25421106815338135;0.36768537759780884;0.3425499200820923;0.4458739757537842;0.34344542026519775;0.40177565813064575;0.28539299964904785;0.32791704386472703;0.4458739757537842;BE
52;Ciências Humanas e suas Tecnologias;;D;0.3808177411556244;0.33656948804855347;0.25164341926574707;0.43116068840026855;0.4676509499549866;0.3737652003765106;0.23025615513324738;0.41527366638183594;0.21039876341819763;0.2324572205543518;0.33299932926893233;0.4676509499549866;BC
53;Ciências Humanas e suas Tecnologias;;B;0.5327297449111938;0.6728297472000122;0.5246990919113159;0.34855806827545166;0.7446646690368652;0.6679291129112244;0.3977228105068207;0.716926634311676;0.5206462740898132;0.44071000814437866;0.5567416161298752;0.7446646690368652;BC
54;Ciências Humanas e suas Tecnologias;;E;0.46346884965896606;0.24814781546592712;0.30529555678367615;0.3481266498565674;0.31625163555145264;0.34695547819137573;0.30683109164237976;0.16809290647506714;0.14390859007835388;0.5132226943969727;0.31603012681007386;0.5132226943969727;DE
55;Ciências Humanas e suas Tecnologias;;B;0.4456977844238281;0.4338471293449402;0.5151320695877075;0.49247169494628906;0.3395090699195862;0.4629555642604828;0.4574616849422455;0.36510342359542847;0.33230677247047424;0.5116881132125854;0.43561733067035674;0.5151320695877075;AD
56;Ciências Humanas e suas Tecnologias;;C;0.5976901650428772;0.36146223545074463;0.4454381465911865;0.25240951776504517;0.30069589614868164;0.33703896403312683;0.28382551670074463;0.6722838282585144;0.5976096987724304;0.47568991780281067;0.4324143886566162;0.6722838282585144;CD
57;Ciências Humanas e suas Tecnologias;;C;0.25798457860946655;0.48447009921073914;0.10853876173496246;0.458719938993454;0.36931416392326355;0.34267809987068176;0.40869054198265076;0.2800371050834656;0.4517918527126312;0.2605973482131958;0.34228224903345106;0.48447009921073914;AC
58;Ciências Humanas e suas Tecnologias;;E;0.6360477209091187;0.4104437828063965;0.3521641194820404;0.3943786025047302;0.348224401473999;0.4019486606121063;0.4891889691352844;0.49328652024269104;0.4820837378501892;0.42010003328323364;0.4427866548299789;0.6360477209091187;AB
59;Ciências Humanas e suas Tecnologias;;D;0.3566585183143616;0.31158721446990967;0.28371328115463257;0.3355962634086609;0.5006009340286255;0.564926028251648;0.3551187813282013;0.5761605501174927;0.4064987301826477;0.37130042910575867;0.40621607303619384;0.5761605501174927;CD
60;Ciências Humanas e suas Tecnologias;;A;0.4563361406326294;0.5190409421920776;0.5324652194976807;0.5142746567726135;0.3468477427959442;0.5418556928634644;0.6265085935592651;0.5530414581298828;0.6660091876983643;0.6421089172363281;0.539848855137825;0.6660091876983643;CE
61;Ciências Humanas e suas Tecnologias;;D;0.38108837604522705;0.19046220183372498;0.5177651047706604;0.28216850757598877;0.1734493374824524;0.5156161785125732;0.38051098585128784;0.1964372843503952;0.23500463366508484;0.49394410848617554;0.336644671857357;0.5177651047706604;AD
62;Ciências Humanas e suas Tecnologias;;B;0.27559125423431396;0.310139924287796;0.4645615220069885;0.3513360619544983;0.3613911271095276;0.6266913414001465;0.43527448177337646;0.570860743522644;0.2604491412639618;0.47185617685317993;0.41281517744064333;0.6266913414001465;BD
63;Ciências Humanas e suas Tecnologias;;A;0.2629573941230774;0.5377883911132812;0.5948445796966553;0.46543601155281067;0.2867882251739502;0.3125225901603699;0.3227630853652954;0.5446199178695679;0.4013109505176544;0.35208413004875183;0.4081115275621414;0.5948445796966553;AD
64;Ciências Humanas e suas Tecnologias;;E;0.28649717569351196;0.5602041482925415;0.44852113723754883;0.327600359916687;0.36658287048339844;0.3568418025970459;0.32270798087120056;0.551403284072876;0.5006017684936523;0.533124566078186;0.42540850937366487;0.5602041482925415;AC
65;Ciências Humanas e suas Tecnologias;;A;0.266213059425354;0.3738783597946167;0.38986936211586;0.4076622724533081;0.25367119908332825;0.26074135303497314;0.2828980088233948;0.40272533893585205;0.3705502152442932;0.2858724892139435;0.3294081658124924;0.4076622724533081;AE
66;Ciências Humanas e suas Tecnologias;;C;0.21964704990386963;0.4331204295158386;0.48423004150390625;0.4175328016281128;0.2110389769077301;0.26430660486221313;0.11678366363048553;0.43391287326812744;0.6073130369186401;0.3579288721084595;0.3545814350247383;0.6073130369186401;CE
67;Ciências Humanas e suas Tecnologias;;B;0.4054073095321655;0.23311537504196167;0.4611324071884155;0.27739161252975464;0.325191855430603;0.38260313868522644;0.4055018424987793;0.35928279161453247;0.5154181122779846;0.30827760696411133;0.36733220517635345;0.5154181122779846;CE
68;Ciências Humanas e suas Tecnologias;;C;0.1108626276254654;0.3052631914615631;0.20579057931900024;0.15650686621665955;0.31186074018478394;0.10698828846216202;0.2390379011631012;0.38100898265838623;0.4136642813682556;0.4427012801170349;0.26736847385764123;0.4427012801170349;DE
69;Ciências Humanas e suas Tecnologias;;A;0.30111104249954224;0.3137223720550537;0.5048548579216003;0.25955551862716675;0.21369555592536926;0.18294240534305573;0.2546868622303009;0.36010777950286865;0.5453119277954102;0.43247687816619873;0.33684652000665666;0.5453119277954102;CE
70;Ciências Humanas e suas Tecnologias;;D;0.4878893792629242;0.5239670872688293;0.5277283191680908;0.33174073696136475;0.3947140872478485;0.37467896938323975;0.28980642557144165;0.4196332097053528;0.2991393506526947;0.43238741159439087;0.4081684976816177;0.5277283191680908;AD
71;Ciências Humanas e suas Tecnologias;;C;0.4931761622428894;0.43682825565338135;0.5360480546951294;0.3908722996711731;0.41219550371170044;0.7000916004180908;0.35645046830177307;0.5549578070640564;0.504989504814148;0.36152195930480957;0.47471316158771515;0.7000916004180908;BD
72;Ciências Humanas e suas Tecnologias;;E;0.24753277003765106;0.2973899245262146;0.2309436798095703;0.38798296451568604;0.4790933132171631;0.41382482647895813;0.36334890127182007;0.36522915959358215;0.36099177598953247;0.5586767196655273;0.37050140351057054;0.5586767196655273;DE
73;Ciências Humanas e suas Tecnologias;;D;0.5924304723739624;0.3356918692588806;0.2801225781440735;0.4361574649810791;0.37047475576400757;0.42604073882102966;0.527965784072876;0.46149271726608276;0.3734374940395355;0.3282169997692108;0.4132030874490738;0.5924304723739624;AB
74;Ciências Humanas e suas Tecnologias;;E;0.4415055215358734;0.40010732412338257;0.5753386616706848;0.5289653539657593;0.22023117542266846;0.41591987013816833;0.48506367206573486;0.3270203173160553;0.3262529671192169;0.5996299982070923;0.4320034861564636;0.5996299982070923;DE
75;Ciências Humanas e suas Tecnologias;;B;0.5748374462127686;0.6199876070022583;0.4386123716831207;0.421126127243042;0.5881820917129517;0.43986794352531433;0.6040126085281372;0.5382589101791382;0.44157201051712036;0.5856666564941406;0.5252123773097992;0.6199876070022583;AC
76;Ciências Humanas e suas Tecnologias;;B;0.3560819625854492;0.2553338408470154;0.3982950448989868;0.42154210805892944;0.40809744596481323;0.5225996375083923;0.3948132395744324;0.31660255789756775;0.39286673069000244;0.4217991828918457;0.38880317509174345;0.5225996375083923;BD
77;Ciências Humanas e suas Tecnologias;;E;0.31467968225479126;0.26039063930511475;0.21950969099998474;0.4026130437850952;0.5046389102935791;0.6075603365898132;0.4493405222892761;0.574649453163147;0.5124160647392273;0.4626954197883606;0.4308493763208389;0.6075603365898132;BD
78;Ciências Humanas e suas Tecnologias;;B;0.4955027401447296;0.42447203397750854;0.4354837238788605;0.47177308797836304;0.3159670829772949;0.3752627968788147;0.4540725648403168;0.2690059244632721;0.556023120880127;0.17122788727283478;0.3968790963292122;0.556023120880127;CE
79;Ciências Humanas e suas Tecnologias;;A;0.07697062939405441;0.5515554547309875;0.1558486819267273;0.17189428210258484;0.2142406404018402;0.10701699554920197;0.17427432537078857;0.20150014758110046;0.07297628372907639;0.12255343794822693;0.18488308787345886;0.5515554547309875;AC
80;Ciências Humanas e suas Tecnologias;;C;0.3721766471862793;0.36503368616104126;0.5029487013816833;0.5119205713272095;0.34070664644241333;0.3355042338371277;0.46867188811302185;0.6347097158432007;0.3768269717693329;0.61356520652771;0.452206426858902;0.6347097158432007;CD
81;Ciências Humanas e suas Tecnologias;;E;0.36615878343582153;0.3391890823841095;0.39033374190330505;0.3897428512573242;0.4310985207557678;0.5359388589859009;0.2684091031551361;0.5036651492118835;0.2964906692504883;0.3562246561050415;0.38772514164447786;0.5359388589859009;BD
82;Ciências Humanas e suas Tecnologias;;C;0.2440662533044815;0.29362931847572327;0.4754737615585327;0.2645326256752014;0.4082672595977783;0.3883648216724396;0.601584792137146;0.39932775497436523;0.3384726941585541;0.44554057717323303;0.3859259858727455;0.601584792137146;BE
83;Ciências Humanas e suas Tecnologias;;E;0.5413633584976196;0.19061651825904846;0.4989908039569855;0.21276408433914185;0.18819843232631683;0.4311450123786926;0.10193753242492676;0.30004942417144775;0.24694326519966125;0.2429848462343216;0.2954993277788162;0.5413633584976196;AB
84;Ciências Humanas e suas Tecnologias;;A;0.4707588851451874;0.4901202917098999;0.6545560359954834;0.4930103123188019;0.4248221516609192;0.49667888879776;0.41771605610847473;0.5194438099861145;0.38495689630508423;0.38612818717956543;0.47381915152072906;0.6545560359954834;AD
85;Ciências Humanas e suas Tecnologias;;B;0.45931512117385864;0.3201811909675598;0.33512669801712036;0.5046741962432861;0.28516072034835815;0.361981600522995;0.6033077239990234;0.5274237394332886;0.47470536828041077;0.3027079403400421;0.4174584299325943;0.6033077239990234;BE
86;Ciências Humanas e suas Tecnologias;;C;0.2325659990310669;0.3176151514053345;0.4662509560585022;0.3748621940612793;0.2525452971458435;0.24541950225830078;0.2687608003616333;0.38439086079597473;0.2918816804885864;0.538684606552124;0.3372977048158646;0.538684606552124;DE
87;Ciências Humanas e suas Tecnologias;;D;0.30208051204681396;0.41939249634742737;0.5105622410774231;0.4445328116416931;0.3812772333621979;0.3549545407295227;0.35594433546066284;0.623503565788269;0.36218515038490295;0.44081392884254456;0.41952468156814576;0.623503565788269;CD
88;Ciências Humanas e suas Tecnologias;;D;0.3145066499710083;0.3860750198364258;0.36641642451286316;0.40159255266189575;0.489729642868042;0.48360002040863037;0.5157414674758911;0.5556164979934692;0.5013546943664551;0.538345217704773;0.45529781877994535;0.5556164979934692;CD
89;Ciências Humanas e suas Tecnologias;;A;0.2947764992713928;0.4540124833583832;0.4505278468132019;0.5161073207855225;0.23064737021923065;0.45379772782325745;0.20826104283332825;0.3889830708503723;0.3268890380859375;0.3355861306190491;0.36595885306596754;0.5161073207855225;AE
90;Ciências Humanas e suas Tecnologias;;D;0.26757436990737915;0.39738351106643677;0.42214852571487427;0.28186559677124023;0.252416729927063;0.4472317397594452;0.4727681577205658;0.5334295034408569;0.3213875889778137;0.4085308909416199;0.3804736614227295;0.5334295034408569;CD
91;Ciências da Natureza e suas Tecnologias;;B;1.000000238418579;1.000000238418579;1.000000238418579;1.000000238418579;1.000000238418579;1.000000238418579;1.000000238418579;1.000000238418579;1.000000238418579;1.000000238418579;1.000000238418579;1.000000238418579;AB
92;Ciências da Natureza e suas Tecnologias;;B;0.8261644840240479;0.8011211156845093;0.7693871259689331;0.7944977283477783;0.7855558395385742;0.7350479364395142;0.7274608612060547;0.7694433927536011;0.7416715025901794;0.7553086876869202;0.7705658674240112;0.8261644840240479;AB
93;Ciências da Natureza e suas Tecnologias;;C;0.7916801571846008;0.6580407619476318;0.6571595668792725;0.6615996956825256;0.6434248685836792;0.6228190064430237;0.6898972988128662;0.8617701530456543;0.6858468055725098;0.6788215041160583;0.6951059818267822;0.8617701530456543;CD
94;Ciências da Natureza e suas Tecnologias;;E;0.6782978177070618;0.6695808172225952;0.7868334054946899;0.6044858694076538;0.6944972276687622;0.7333970069885254;0.7138720750808716;0.7422584891319275;0.6753698587417603;0.7112789154052734;0.7009871482849122;0.7868334054946899;AD
95;Ciências da Natureza e suas Tecnologias;;D;0.8145962953567505;0.8246039152145386;0.8933190703392029;0.8678496479988098;0.8730301260948181;0.8767397403717041;0.8068145513534546;0.8258816003799438;0.810757577419281;0.8885695338249207;0.8482162058353424;0.8933190703392029;AD
96;Ciências da Natureza e suas Tecnologias;;B;0.5552335977554321;0.740291953086853;0.4978277087211609;0.5953431129455566;0.6401593685150146;0.7480114698410034;0.5863621234893799;0.565997838973999;0.6977701783180237;0.662895679473877;0.62898930311203;0.7480114698410034;BD
97;Ciências da Natureza e suas Tecnologias;;B;0.46905317902565;0.5377152562141418;0.5525965690612793;0.41200119256973267;0.4134063124656677;0.41001537442207336;0.41965043544769287;0.47252440452575684;0.3944481611251831;0.42323920130729675;0.45046500861644745;0.5525965690612793;AD
98;Ciências da Natureza e suas Tecnologias;;A;1.000000238418579;1.000000238418579;1.000000238418579;1.000000238418579;1.000000238418579;1.000000238418579;1.000000238418579;1.000000238418579;1.000000238418579;1.000000238418579;1.000000238418579;1.000000238418579;AB
99;Ciências da Natureza e suas Tecnologias;;E;0.40980345010757446;0.339709997177124;0.6962711215019226;0.4184834063053131;0.4644930958747864;0.5027217864990234;0.26229655742645264;0.3567478656768799;0.5481312274932861;0.3700123429298401;0.4368670850992203;0.6962711215019226;AD
100;Ciências da Natureza e suas Tecnologias;;Anulado;0.6829729080200195;0.6857287883758545;0.45701199769973755;0.5147009491920471;0.8267320394515991;0.650683581829071;0.5775394439697266;0.5929387807846069;0.5858719348907471;0.743764340877533;0.6317944765090943;0.8267320394515991;BC
101;Ciências da Natureza e suas Tecnologias;;C;0.6226794719696045;0.5037617683410645;0.4970822334289551;0.48681414127349854;0.6687619686126709;0.5392215251922607;0.496206134557724;0.6965698599815369;0.5581648349761963;0.7106038331985474;0.5779865771532059;0.7106038331985474;DE
102;Ciências da Natureza e suas Tecnologias;;C;0.507188618183136;0.4578772187232971;0.5213402509689331;0.2633837163448334;0.3043932318687439;0.3866899609565735;0.4026639759540558;0.2800943851470947;0.3846542239189148;0.19812338054180145;0.3706408962607384;0.5213402509689331;AD
103;Ciências da Natureza e suas Tecnologias;;A;0.612083911895752;0.5038309097290039;0.6033686995506287;0.5800681710243225;0.5918720960617065;0.5674252510070801;0.4743664264678955;0.36014360189437866;0.5660057067871094;0.557022213935852;0.541618698835373;0.612083911895752;AB
104;Ciências da Natureza e suas Tecnologias;;E;1.000000238418579;1.000000238418579;1.000000238418579;1.000000238418579;1.000000238418579;1.000000238418579;1.000000238418579;1.000000238418579;1.000000238418579;1.000000238418579;1.000000238418579;1.000000238418579;AB
105;Ciências da Natureza e suas Tecnologias;;D;0.41283664107322693;0.2741086483001709;0.598419189453125;0.6012168526649475;0.2228897511959076;0.5835686326026917;0.42058271169662476;0.2645571827888489;0.48476940393447876;0.5079386830329895;0.43708876967430116;0.6012168526649475;AE
106;Ciências da Natureza e suas Tecnologias;;D;0.4942649304866791;0.45981478691101074;0.347717821598053;0.37775474786758423;0.5150253176689148;0.45414289832115173;0.5155833959579468;0.3951360285282135;0.4140722155570984;0.2900134325027466;0.4263525575399399;0.5155833959579468;BE
107;Ciências da Natureza e suas Tecnologias;;B;1.000000238418579;1.000000238418579;1.000000238418579;1.000000238418579;1.000000238418579;1.000000238418579;1.000000238418579;1.000000238418579;1.000000238418579;1.000000238418579;1.000000238418579;1.000000238418579;AB
108;Ciências da Natureza e suas Tecnologias;;C;0.27563977241516113;0.3946951627731323;0.17977066338062286;0.2883036136627197;0.46571779251098633;0.39465680718421936;0.4390185475349426;0.39661115407943726;0.5591223835945129;0.32582950592041016;0.37193654030561446;0.5591223835945129;CE
109;Ciências da Natureza e suas Tecnologias;;A;0.4529424011707306;0.6329066157341003;0.5294402241706848;0.6544671058654785;0.39324647188186646;0.3978610634803772;0.3898140788078308;0.6568012833595276;0.6364344954490662;0.6328149437904358;0.5376728683710098;0.6568012833595276;CD
110;Ciências da Natureza e suas Tecnologias;;E;0.45830827951431274;0.4503103196620941;0.292252779006958;0.36568355560302734;0.543540358543396;0.18148383498191833;0.1158524602651596;0.12248136103153229;0.27085113525390625;0.3898613154888153;0.319062539935112;0.543540358543396;BC
111;Ciências da Natureza e suas Tecnologias;;D;0.6130058169364929;0.5427179932594299;0.5473940968513489;0.5894957184791565;0.7077754735946655;0.6100021600723267;0.5164699554443359;0.7391743659973145;0.549170970916748;0.6903313994407654;0.6105537950992584;0.7391743659973145;CD
112;Ciências da Natureza e suas Tecnologias;;A;0.8065598011016846;0.7822785973548889;0.8091166615486145;0.7937997579574585;0.8003159761428833;0.7826483845710754;0.8492581248283386;0.8430769443511963;0.8084436655044556;0.7579116821289062;0.8033409595489502;0.8492581248283386;BE
113;Ciências da Natureza e suas Tecnologias;;A;0.43669015169143677;0.21720972657203674;0.29056620597839355;0.3672078251838684;0.45317134261131287;0.31200268864631653;0.5393397212028503;0.25949549674987793;0.3750581443309784;0.4521186351776123;0.37028599381446836;0.5393397212028503;BE
114;Ciências da Natureza e suas Tecnologias;;C;0.9986326098442078;0.9902944564819336;0.992587149143219;0.99152672290802;0.991195559501648;0.9936422109603882;0.9929949045181274;0.9965630173683167;0.9933254718780518;0.990016520023346;0.9930778622627259;0.9986326098442078;AB
115;Ciências da Natureza e suas Tecnologias;;A;0.7489441633224487;0.6765190958976746;0.7463472485542297;0.6872822046279907;0.762616753578186;0.7006558179855347;0.7204414010047913;0.6820811033248901;0.6993542909622192;0.716364860534668;0.7140606939792633;0.762616753578186;BC
116;Ciências da Natureza e suas Tecnologias;;A;0.577033519744873;0.61675626039505;0.5943231582641602;0.5639704465866089;0.634198009967804;0.5465049743652344;0.628110945224762;0.5507965683937073;0.6609176993370056;0.5043841600418091;0.5876995742321014;0.6609176993370056;CE
117;Ciências da Natureza e suas Tecnologias;;E;0.4853155016899109;0.4310280382633209;0.4805446267127991;0.5743728280067444;0.4606887996196747;0.4598647356033325;0.49823451042175293;0.32590022683143616;0.5122126936912537;0.40212544798851013;0.46302874088287355;0.5743728280067444;AE
118;Ciências da Natureza e suas Tecnologias;;D;0.3278282582759857;0.4581751227378845;0.30145132541656494;0.40978288650512695;0.33732733130455017;0.6491546034812927;0.2892792820930481;0.34829384088516235;0.39572566747665405;0.49223604798316956;0.40092543661594393;0.6491546034812927;BD
119;Ciências da Natureza e suas Tecnologias;;D;0.4253614544868469;0.4425657391548157;0.5482420325279236;0.49818605184555054;0.2663119435310364;0.25741490721702576;0.4307866394519806;0.4078811705112457;0.37558311223983765;0.39449962973594666;0.4046832680702209;0.5482420325279236;AD
120;Ciências da Natureza e suas Tecnologias;;D;0.6759722232818604;0.6277835965156555;0.7889742851257324;0.6383335590362549;0.8464632630348206;0.5814191102981567;0.864402174949646;0.5565386414527893;0.8861274719238281;0.5781157612800598;0.7044130086898803;0.8861274719238281;CE
121;Ciências da Natureza e suas Tecnologias;;E;0.43622735142707825;0.3176056444644928;0.3130858540534973;0.3550129532814026;0.35333251953125;0.33441293239593506;0.4786165654659271;0.5471184253692627;0.6671950817108154;0.5965026617050171;0.4399109989404678;0.6671950817108154;CE
122;Ciências da Natureza e suas Tecnologias;;B;0.46964025497436523;0.5000087022781372;0.48259109258651733;0.5110813975334167;0.5318846106529236;0.35481002926826477;0.46874377131462097;0.5724247694015503;0.6633858680725098;0.666762113571167;0.5221332609653473;0.666762113571167;DE
123;Ciências da Natureza e suas Tecnologias;;B;0.3821643888950348;0.5281670093536377;0.504732608795166;0.505292534828186;0.5761324167251587;0.43429434299468994;0.3003411293029785;0.5592334866523743;0.4011242985725403;0.34574973583221436;0.45372319519519805;0.5761324167251587;BC
124;Ciências da Natureza e suas Tecnologias;;E;0.8164054155349731;0.6882261037826538;0.6767820119857788;0.7184593677520752;0.8098903298377991;0.7106198072433472;0.656161367893219;0.8396371006965637;0.7133528590202332;0.8424397110939026;0.7471974074840546;0.8424397110939026;DE
125;Ciências da Natureza e suas Tecnologias;;C;0.7465063333511353;0.7426691651344299;0.7602126598358154;0.7627296447753906;0.5804744958877563;0.8794094324111938;0.7873506546020508;0.7836638689041138;0.8814656138420105;0.9256385564804077;0.7850120425224304;0.9256385564804077;DE
126;Ciências da Natureza e suas Tecnologias;;B;0.3940620422363281;0.36531031131744385;0.5262019634246826;0.45491543412208557;0.5570118427276611;0.42610257863998413;0.5809375643730164;0.3533618748188019;0.6096999049186707;0.5061715245246887;0.4773775041103363;0.6096999049186707;CE
127;Ciências da Natureza e suas Tecnologias;;C;0.9215983152389526;0.941390872001648;0.9082664847373962;0.8490133881568909;0.9641306400299072;0.9123564958572388;0.9010152816772461;0.9291826486587524;0.8945997953414917;0.8377546072006226;0.9059308528900146;0.9641306400299072;BC
128;Ciências da Natureza e suas Tecnologias;;E;0.41562288999557495;0.23570747673511505;0.4078998267650604;0.24954938888549805;0.43427741527557373;0.4750113785266876;0.4243771433830261;0.4546337127685547;0.6800152063369751;0.47419506311416626;0.4251289501786232;0.6800152063369751;CE
129;Ciências da Natureza e suas Tecnologias;;E;0.5868613719940186;0.5145811438560486;0.42686665058135986;0.4539114832878113;0.6590316295623779;0.579766035079956;0.5555269718170166;0.4708084166049957;0.5924242734909058;0.4418639838695526;0.5281641960144043;0.6590316295623779;BC
130;Ciências da Natureza e suas Tecnologias;;D;0.8561001420021057;0.8517967462539673;0.8613895177841187;0.9932352304458618;0.98679518699646;0.994896650314331;0.8402100801467896;0.988513171672821;0.8413469791412354;0.8547511696815491;0.9069034874439239;0.994896650314331;BD
131;Ciências da Natureza e suas Tecnologias;;C;0.7690001726150513;0.7411988377571106;0.6032254099845886;0.6344281435012817;0.767105221748352;0.6128926277160645;0.8283007144927979;0.8429672718048096;0.6229240894317627;0.7816696763038635;0.7203712165355682;0.8429672718048096;CD
132;Ciências da Natureza e suas Tecnologias;;A;0.5045169591903687;0.5382408499717712;0.338128000497818;0.31808263063430786;0.6737141013145447;0.4982156753540039;0.5497719645500183;0.43418431282043457;0.39365798234939575;0.458828866481781;0.4707341343164444;0.6737141013145447;BC
133;Ciências da Natureza e suas Tecnologias;;A;0.39790165424346924;0.33099085092544556;0.40897348523139954;0.3627207279205322;0.6930987238883972;0.43787187337875366;0.497507780790329;0.38606178760528564;0.44606587290763855;0.5009890794754028;0.4462181836366653;0.6930987238883972;BC
134;Ciências da Natureza e suas Tecnologias;;C;0.8164054155349731;0.6882261037826538;0.6767820119857788;0.7184593677520752;0.8098903298377991;0.7106198072433472;0.656161367893219;0.8396371006965637;0.7133528590202332;0.8424397110939026;0.7471974074840546;0.8424397110939026;DE
135;Ciências da Natureza e suas Tecnologias;;D;0.8958231210708618;0.84148108959198;0.8802441954612732;0.8190317749977112;0.9318045377731323;0.8861947059631348;0.7543289661407471;0.8609992265701294;0.7219623327255249;0.779827356338501;0.8371697306632996;0.9318045377731323;BC
136;Matemática e suas Tecnologias;;D;0.6485413312911987;0.7901656031608582;0.624165952205658;0.5711805820465088;0.4610868990421295;0.47709545493125916;0.39952367544174194;0.8680155277252197;0.7936077117919922;0.8666402101516724;0.6500022947788239;0.8680155277252197;CD
137;Matemática e suas Tecnologias;;B;0.7714079022407532;0.6924921274185181;0.5866091251373291;0.5488971471786499;0.7494022846221924;0.6329306364059448;0.5890658497810364;0.7172857522964478;0.6966458559036255;0.7336930632591248;0.6718429744243621;0.7714079022407532;AB
138;Matemática e suas Tecnologias;;C;0.7064385414123535;0.6888318657875061;0.6664659380912781;0.6549136638641357;0.8423135280609131;0.6921089887619019;0.6601555943489075;0.6856179237365723;0.715373158454895;0.7843141555786133;0.7096533358097077;0.8423135280609131;BC
139;Matemática e suas Tecnologias;;E;0.7658315300941467;0.7351521253585815;0.6789726614952087;0.672049343585968;0.8066884875297546;0.630247175693512;0.5914972424507141;0.7259610891342163;0.6050678491592407;0.7020391821861267;0.691350668668747;0.8066884875297546;BC
140;Matemática e suas Tecnologias;;C;0.7450611591339111;0.7688905000686646;0.6476619243621826;0.581929087638855;0.7367529273033142;0.6048810482025146;0.5825303196907043;0.7534955739974976;0.6612300872802734;0.6728171110153198;0.6755249738693238;0.7688905000686646;AC
141;Matemática e suas Tecnologias;;E;0.8773713111877441;0.7842344641685486;0.7666652202606201;0.7680717706680298;0.8845194578170776;0.8406075239181519;0.835157036781311;0.8874130249023438;0.8948001861572266;0.9796329736709595;0.8518472969532013;0.9796329736709595;DE
142;Matemática e suas Tecnologias;;A;0.8032615780830383;0.7575242519378662;0.7494269609451294;0.5635250210762024;0.8262636661529541;0.6360228061676025;0.6992896795272827;0.7722519040107727;0.5086206197738647;0.3285481929779053;0.6644734680652619;0.8262636661529541;BC
143;Matemática e suas Tecnologias;;C;1.000000238418579;1.000000238418579;1.000000238418579;1.000000238418579;1.000000238418579;1.000000238418579;1.000000238418579;1.000000238418579;1.000000238418579;1.000000238418579;1.000000238418579;1.000000238418579;AB
144;Matemática e suas Tecnologias;;A;0.8980181217193604;0.7205563187599182;0.7530878782272339;0.7982550859451294;0.7205022573471069;0.8069778680801392;0.8403406739234924;0.7279701232910156;0.746589720249176;0.8885601758956909;0.7900858223438263;0.8980181217193604;AB
145;Matemática e suas Tecnologias;;D;0.6130058169364929;0.5427179932594299;0.5473940968513489;0.5894957184791565;0.7077754735946655;0.6100021600723267;0.5164699554443359;0.7391743659973145;0.549170970916748;0.6903313994407654;0.6105537950992584;0.7391743659973145;CD
146;Matemática e suas Tecnologias;;A;0.5703414678573608;0.5263921022415161;0.5082157254219055;0.5582371950149536;0.6226794719696045;0.5037617683410645;0.4970822334289551;0.6687619686126709;0.5392215251922607;0.6965698599815369;0.5691263318061829;0.6965698599815369;DE
147;Matemática e suas Tecnologias;;B;0.7517645359039307;0.6222102046012878;0.5822411179542542;0.5636874437332153;0.7602034211158752;0.5874917507171631;0.5635306239128113;0.5735729932785034;0.5567919015884399;0.7115135192871094;0.627300751209259;0.7602034211158752;BC
148;Matemática e suas Tecnologias;;B;0.4806023836135864;0.45613670349121094;0.5391693115234375;0.41417473554611206;0.5629764199256897;0.5024857521057129;0.4317759871482849;0.5020566582679749;0.5354351997375488;0.6110035181045532;0.5035816669464112;0.6110035181045532;DE
149;Matemática e suas Tecnologias;;E;0.7515076398849487;0.8052772283554077;0.8357151746749878;0.7492029070854187;0.6971068382263184;0.7501981258392334;0.8656455278396606;0.8372681140899658;0.8474964499473572;0.9046152830123901;0.8044033288955689;0.9046152830123901;DE
150;Matemática e suas Tecnologias;;C;0.5969080924987793;0.5897812843322754;0.561241865158081;0.7810221910476685;0.7593011856079102;0.7578537464141846;0.5749434232711792;0.6883940696716309;0.6785199642181396;0.79890376329422;0.6786869585514068;0.79890376329422;DE
151;Matemática e suas Tecnologias;;B;0.6752511262893677;0.41627249121665955;0.5308626294136047;0.7231102585792542;0.6276144981384277;0.5886586904525757;0.6361976861953735;0.5337259769439697;0.4495321810245514;0.6716602444648743;0.5852885782718659;0.7231102585792542;AE
152;Matemática e suas Tecnologias;;E;0.9372548460960388;0.9542368650436401;0.8901604413986206;0.8945115208625793;0.884838342666626;0.9338290691375732;0.9375752210617065;0.9313349723815918;0.9249597191810608;0.9774691462516785;0.9266170144081116;0.9774691462516785;DE
153;Matemática e suas Tecnologias;;D;0.7371991872787476;0.8614753484725952;0.554966151714325;0.6051129102706909;0.7560340166091919;0.5237004160881042;0.6100801229476929;0.6460806727409363;0.65029376745224;0.6474020481109619;0.6592344641685486;0.8614753484725952;AC
154;Matemática e suas Tecnologias;;A;0.5899678468704224;0.5090131759643555;0.41110605001449585;0.5678702592849731;0.5932968258857727;0.37508922815322876;0.5160695910453796;0.48206308484077454;0.5286928415298462;0.3792915642261505;0.49524604678153994;0.5932968258857727;BC
155;Matemática e suas Tecnologias;;D;0.6302981376647949;0.5593241453170776;0.5851503014564514;0.4884043037891388;0.6886918544769287;0.677881121635437;0.567277193069458;0.7709492444992065;0.5507316589355469;0.5662968158721924;0.6085004776716232;0.7709492444992065;CD
156;Matemática e suas Tecnologias;;C;0.7205779552459717;0.6727579236030579;0.6348400115966797;0.6441366672515869;0.8201577067375183;0.6585538387298584;0.6310092210769653;0.6956242918968201;0.6381248831748962;0.8425160646438599;0.6958298563957215;0.8425160646438599;DE
157;Matemática e suas Tecnologias;;C;0.7085410356521606;0.633364200592041;0.583271861076355;0.6384458541870117;0.6719327569007874;0.6429164409637451;0.6728489398956299;0.7659484148025513;0.9082473516464233;0.734051525592804;0.6959568381309509;0.9082473516464233;CE
158;Matemática e suas Tecnologias;;D;0.5503677129745483;0.5833666324615479;0.6165952682495117;0.7046080827713013;0.41404563188552856;0.4394761621952057;0.551723837852478;0.6264992952346802;0.5501635074615479;0.6935793161392212;0.5730425447225571;0.7046080827713013;AE
159;Matemática e suas Tecnologias;;C;0.7874603271484375;0.7435062527656555;0.7188977599143982;0.6033296585083008;0.8434696793556213;0.8514611721038818;0.6396117210388184;0.7376127243041992;0.61109858751297;0.7531196475028992;0.7289567530155182;0.8514611721038818;BD
160;Matemática e suas Tecnologias;;C;0.9009518027305603;0.8966128826141357;0.8653544187545776;0.876359760761261;0.8968464136123657;0.908798336982727;0.8880050182342529;0.9568926692008972;0.942540168762207;0.9107916355133057;0.9043153107166291;0.9568926692008972;CD
161;Matemática e suas Tecnologias;;A;1.000000238418579;1.000000238418579;1.000000238418579;1.000000238418579;1.000000238418579;1.000000238418579;1.000000238418579;1.000000238418579;1.000000238418579;1.000000238418579;1.000000238418579;1.000000238418579;AB
162;Matemática e suas Tecnologias;;B;1.000000238418579;1.000000238418579;1.000000238418579;1.000000238418579;1.000000238418579;1.000000238418579;1.000000238418579;1.000000238418579;1.000000238418579;1.000000238418579;1.000000238418579;1.000000238418579;AB
163;Matemática e suas Tecnologias;;B;0.6486660838127136;0.6291037797927856;0.48845767974853516;0.5675204396247864;0.5948922634124756;0.7415029406547546;0.6287811994552612;0.6593410968780518;0.6655113697052002;0.7521705031394958;0.637594735622406;0.7521705031394958;DE
164;Matemática e suas Tecnologias;;B;0.9093036651611328;0.8601852655410767;0.7260709404945374;0.8047229647636414;0.949743390083313;0.8040016889572144;0.8470863103866577;0.8662450313568115;0.871408224105835;0.955571174621582;0.8594338655471802;0.955571174621582;DE
165;Matemática e suas Tecnologias;;C;0.721858024597168;0.8316227197647095;0.7586531639099121;0.7801533341407776;0.7748285531997681;0.6667070984840393;0.7481844425201416;0.8856098651885986;0.7779289484024048;0.8422717452049255;0.7787817895412446;0.8856098651885986;CD
166;Matemática e suas Tecnologias;;E;0.5887295007705688;0.696277379989624;0.7506548166275024;0.42665737867355347;0.3886101245880127;0.4019528925418854;0.4384532570838928;0.7921781539916992;0.4447108507156372;0.5155138969421387;0.5443738251924515;0.7921781539916992;CD
167;Matemática e suas Tecnologias;;C;0.6702470779418945;0.4726548194885254;0.5902923345565796;0.5906662940979004;0.5357930064201355;0.6394566893577576;0.4961334466934204;0.5507155656814575;0.552649974822998;0.5999395847320557;0.5698548793792725;0.6702470779418945;AB
168;Matemática e suas Tecnologias;;E;0.5703414678573608;0.5263921022415161;0.5082157254219055;0.5582371950149536;0.6226794719696045;0.5037617683410645;0.4970822334289551;0.6687619686126709;0.5392215251922607;0.6965698599815369;0.5691263318061829;0.6965698599815369;DE
169;Matemática e suas Tecnologias;;B;0.8634700775146484;0.7816656231880188;0.837460994720459;0.5487082004547119;0.9252402782440186;0.9083707928657532;0.5136788487434387;0.8076274991035461;0.5204527974128723;0.5058232545852661;0.7212498366832734;0.9252402782440186;BC
170;Matemática e suas Tecnologias;;C;0.5703414678573608;0.5263921022415161;0.5082157254219055;0.5582371950149536;0.6226794719696045;0.5037617683410645;0.4970822334289551;0.6687619686126709;0.5392215251922607;0.6965698599815369;0.5691263318061829;0.6965698599815369;DE
171;Matemática e suas Tecnologias;;E;0.5613374710083008;0.553451418876648;0.4541165232658386;0.6146727800369263;0.49628958106040955;0.6567999124526978;0.4424355626106262;0.5280107259750366;0.7440225481987;0.3957519233226776;0.5446888446807862;0.7440225481987;CE
172;Matemática e suas Tecnologias;;A;0.9620513916015625;0.9503186345100403;0.9852616786956787;0.9442356824874878;0.9750897884368896;0.9554764032363892;0.9744414687156677;0.9373126029968262;0.9833725690841675;0.9487176537513733;0.9616277873516083;0.9852616786956787;AD
173;Matemática e suas Tecnologias;;D;0.8262417316436768;0.6801494359970093;0.6692533493041992;0.6102213859558105;0.6798166036605835;0.6529898047447205;0.5821580290794373;0.8091835975646973;0.6802748441696167;0.7394936084747314;0.6929782390594482;0.8262417316436768;AB
174;Matemática e suas Tecnologias;;A;0.6369683742523193;0.6978088021278381;0.4145924150943756;0.36684995889663696;0.5723469853401184;0.4264838397502899;0.38157448172569275;0.3874392509460449;0.42478859424591064;0.6710629463195801;0.49799156486988067;0.6978088021278381;AC
175;Matemática e suas Tecnologias;;B;0.7281494140625;0.513198733329773;0.6571173667907715;0.49871301651000977;0.4527747631072998;0.9497711062431335;0.46167832612991333;0.40009504556655884;0.9757643938064575;0.44537752866744995;0.6082639694213867;0.9757643938064575;CE
176;Matemática e suas Tecnologias;;B;0.5437219142913818;0.6598799228668213;0.5299832820892334;0.6373193860054016;0.6230206489562988;0.7043914198875427;0.5182968378067017;0.796966552734375;0.6889926195144653;0.6559655666351318;0.6358538150787354;0.796966552734375;CD
177;Matemática e suas Tecnologias;;A;0.8582378625869751;0.7732852697372437;0.7748741507530212;0.7938056588172913;0.7905225157737732;0.8931808471679688;0.9115706086158752;0.7262446880340576;0.7357921600341797;0.9519819021224976;0.8209495663642883;0.9519819021224976;DE
178;Matemática e suas Tecnologias;;D;0.4890654683113098;0.5502030849456787;0.6150997877120972;0.382250040769577;0.4950661361217499;0.5275238752365112;0.5631226897239685;0.6388699412345886;0.3863504230976105;0.5184420347213745;0.5165993481874466;0.6388699412345886;CD
179;Matemática e suas Tecnologias;;D;0.5534497499465942;0.38724902272224426;0.8595899343490601;0.37662428617477417;0.47747474908828735;0.5741674900054932;0.45822808146476746;0.41539645195007324;0.9196786880493164;0.5297604203224182;0.5551618874073029;0.9196786880493164;CE
180;Matemática e suas Tecnologias;;D;0.6068534255027771;0.41467204689979553;0.2597275376319885;0.3508148789405823;0.5878169536590576;0.30947810411453247;0.42378658056259155;0.3336910605430603;0.417502760887146;0.6845885515213013;0.43889319002628324;0.6845885515213013;DE
