Numero;Area;Idioma;Gabarito;sim_AB;sim_AC;sim_AD;sim_AE;sim_BC;sim_BD;sim_BE;sim_CD;sim_CE;sim_DE;tem_alternativa_imagem;sim_media;sim_maxima;par_mais_similar
1;Linguagens, Códigos e suas Tecnologias;Inglês;A;0.513642430305481;0.22639057040214539;0.3973977863788605;0.3586704134941101;0.24714216589927673;0.3683227300643921;0.38293132185935974;0.43203306198120117;0.40374594926834106;0.37809228897094727;;0.3708368718624115;0.513642430305481;AB
1;Linguagens, Códigos e suas Tecnologias;Espanhol;D;0.45865118503570557;0.3626592457294464;0.21986603736877441;0.27914127707481384;0.1612599641084671;0.25393903255462646;0.16617006063461304;0.22756816446781158;0.38684776425361633;0.2517901360988617;;0.27678928673267367;0.45865118503570557;AB
2;Linguagens, Códigos e suas Tecnologias;Inglês;A;0.26594752073287964;0.39071792364120483;0.23850640654563904;0.21982213854789734;0.23368576169013977;0.682007908821106;0.3140157461166382;0.23578697443008423;0.17263391613960266;0.2293923795223236;;0.29825166761875155;0.682007908821106;BD
2;Linguagens, Códigos e suas Tecnologias;Espanhol;D;0.20696179568767548;0.16355101764202118;0.16924042999744415;0.07410488277673721;0.1028987243771553;0.03779255971312523;0.123682402074337;0.09354177117347717;0.06295664608478546;0.4973074793815613;;0.15320377089083195;0.4973074793815613;DE
3;Linguagens, Códigos e suas Tecnologias;Inglês;C;0.23117876052856445;0.48064154386520386;0.46195799112319946;0.24876056611537933;0.594238817691803;0.45995476841926575;0.48014089465141296;0.7014302015304565;0.4971095323562622;0.48932185769081116;;0.46447349339723587;0.7014302015304565;CD
3;Linguagens, Códigos e suas Tecnologias;Espanhol;D;0.41468745470046997;0.40989238023757935;0.4627554714679718;0.2709616422653198;0.3213353157043457;0.4387609362602234;0.22595953941345215;0.38040828704833984;0.2715812921524048;0.4876152276992798;;0.3683957546949387;0.4876152276992798;DE
4;Linguagens, Códigos e suas Tecnologias;Inglês;E;0.43869420886039734;0.28488093614578247;0.31582215428352356;0.43286365270614624;0.5110135078430176;0.5980043411254883;0.6261449456214905;0.4097224771976471;0.3917087912559509;0.6827899217605591;;0.4691644936800003;0.6827899217605591;DE
4;Linguagens, Códigos e suas Tecnologias;Espanhol;A;0.6595795154571533;0.5575489401817322;0.705700159072876;0.7075423002243042;0.43287432193756104;0.44419899582862854;0.4770420789718628;0.6956568360328674;0.5955603122711182;0.8268580436706543;;0.6102561503648758;0.8268580436706543;DE
5;Linguagens, Códigos e suas Tecnologias;Inglês;A;0.47849178314208984;0.5337706804275513;0.41387367248535156;0.6061766147613525;0.4757450819015503;0.5164504051208496;0.33481550216674805;0.29747092723846436;0.5218309164047241;0.565424919128418;;0.47440505027770996;0.6061766147613525;AE
5;Linguagens, Códigos e suas Tecnologias;Espanhol;C;0.2708391547203064;0.30338913202285767;0.5189292430877686;0.36821070313453674;0.4816168248653412;0.3208521604537964;0.18454886972904205;0.5462821125984192;0.429617315530777;0.2688038945198059;;0.3693089410662651;0.5462821125984192;CD
6;Linguagens, Códigos e suas Tecnologias;;D;0.27012649178504944;0.2733253240585327;0.3056178689002991;0.09159378707408905;0.2265954166650772;0.2607431411743164;0.16783472895622253;0.42605358362197876;0.24093036353588104;0.36104655265808105;;0.26238672584295275;0.42605358362197876;CD
7;Linguagens, Códigos e suas Tecnologias;;A;0.43773365020751953;0.41803205013275146;0.16364488005638123;0.2864576578140259;0.32305020093917847;0.10327237844467163;0.2486950308084488;0.17825958132743835;0.12548503279685974;0.027458777651190758;;0.2312089240178466;0.43773365020751953;AB
8;Linguagens, Códigos e suas Tecnologias;;D;0.40678367018699646;0.31164222955703735;0.3688586354255676;0.1931890845298767;0.32707032561302185;0.47861039638519287;0.32401472330093384;0.4136779308319092;0.4001442790031433;0.35963472723960876;;0.3583626002073288;0.47861039638519287;BD
9;Linguagens, Códigos e suas Tecnologias;;E;0.026054872199892998;0.21125726401805878;0.2498999387025833;0.2538459002971649;0.09316667914390564;0.26800063252449036;0.4706041216850281;0.26888519525527954;0.38900303840637207;0.5228222608566284;;0.2753539903089404;0.5228222608566284;DE
10;Linguagens, Códigos e suas Tecnologias;;C;0.4419708847999573;0.3914511203765869;0.3354583978652954;0.4321351945400238;0.49022167921066284;0.42924124002456665;0.38443416357040405;0.49517765641212463;0.434202641248703;0.3943464159965515;;0.42286393940448763;0.49517765641212463;CD
11;Linguagens, Códigos e suas Tecnologias;;B;0.1513984203338623;0.23383188247680664;0.1877276450395584;0.287375807762146;0.198906809091568;0.4997097849845886;0.47445738315582275;0.17294786870479584;0.3154313564300537;0.18569490313529968;;0.2707481861114502;0.4997097849845886;BD
12;Linguagens, Códigos e suas Tecnologias;;B;0.32927262783050537;0.37172114849090576;0.4097023010253906;0.40631192922592163;0.4234355688095093;0.33340612053871155;0.3085787892341614;0.31663596630096436;0.32405662536621094;0.3716420531272888;;0.35947631299495697;0.4234355688095093;BC
13;Linguagens, Códigos e suas Tecnologias;;D;0.671552300453186;0.428180992603302;0.41984838247299194;0.23752102255821228;0.42931845784187317;0.37534087896347046;0.17476791143417358;0.15491265058517456;0.35451942682266235;0.4428318738937378;;0.36887938976287843;0.671552300453186;AB
14;Linguagens, Códigos e suas Tecnologias;;B;0.6668750047683716;0.5257222056388855;0.6819994449615479;0.5979337692260742;0.4767693877220154;0.6667337417602539;0.5678207874298096;0.6004053354263306;0.4581345319747925;0.6541894674301147;;0.5896583676338196;0.6819994449615479;AD
15;Linguagens, Códigos e suas Tecnologias;;E;0.5572613477706909;0.21117034554481506;0.5929504632949829;0.17926275730133057;0.3127463757991791;0.470209538936615;0.3291676640510559;0.2545372545719147;0.6195834279060364;0.21043574810028076;;0.3737324923276901;0.6195834279060364;CE
16;Linguagens, Códigos e suas Tecnologias;;E;0.4324142038822174;0.3695867359638214;0.3826718330383301;0.37524014711380005;0.44882673025131226;0.41332587599754333;0.5080544352531433;0.40821170806884766;0.3329003155231476;0.3532395362854004;;0.40244715213775634;0.5080544352531433;BE
17;Linguagens, Códigos e suas Tecnologias;;B;0.4617997705936432;0.43400415778160095;0.34577494859695435;0.4290388226509094;0.45063912868499756;0.5735880136489868;0.707987904548645;0.3803333342075348;0.3051193058490753;0.4286022186279297;;0.45168876051902773;0.707987904548645;BE
18;Linguagens, Códigos e suas Tecnologias;;D;0.4565843939781189;0.4079928398132324;0.20863042771816254;0.3873647153377533;0.2269195020198822;0.3515157699584961;0.45113658905029297;0.22153714299201965;0.2988038659095764;0.4207109808921814;;0.3431196227669716;0.4565843939781189;AB
19;Linguagens, Códigos e suas Tecnologias;;D;0.5617918968200684;0.1583748310804367;0.4890674948692322;0.39541691541671753;0.2578185796737671;0.5721968412399292;0.4257507622241974;0.3211299777030945;0.3980233073234558;0.5190114378929138;;0.40985820442438126;0.5721968412399292;BD
20;Linguagens, Códigos e suas Tecnologias;;E;0.41048336029052734;0.36382636427879333;0.5704774856567383;0.5542194247245789;0.4359024167060852;0.29642215371131897;0.4857114851474762;0.3903304934501648;0.4674288034439087;0.6377046704292297;;0.46125066578388213;0.6377046704292297;DE
21;Linguagens, Códigos e suas Tecnologias;;C;0.4086548089981079;0.3778555989265442;0.46827107667922974;0.2530769407749176;0.5599493384361267;0.3540230393409729;0.26100364327430725;0.4994312524795532;0.3491768538951874;0.36916860938072205;;0.3900611162185669;0.5599493384361267;BC
22;Linguagens, Códigos e suas Tecnologias;;C;0.3550770878791809;0.36335286498069763;0.15285667777061462;0.384611576795578;0.42350366711616516;0.22310268878936768;0.4661802053451538;0.43122467398643494;0.2822524309158325;0.15978580713272095;;0.32419476807117464;0.4661802053451538;BE
23;Linguagens, Códigos e suas Tecnologias;;B;0.44042378664016724;0.5892747640609741;0.5155165195465088;0.42042097449302673;0.41101765632629395;0.49401581287384033;0.6061050295829773;0.6739392280578613;0.3036426305770874;0.42894864082336426;;0.4883305042982101;0.6739392280578613;CD
24;Linguagens, Códigos e suas Tecnologias;;E;0.3320547938346863;0.3671761751174927;0.2834058403968811;0.28155767917633057;0.6606009602546692;0.48894307017326355;0.3071245551109314;0.6146000623703003;0.23496946692466736;0.25683003664016724;;0.382726263999939;0.6606009602546692;BC
25;Linguagens, Códigos e suas Tecnologias;;D;0.19845342636108398;0.4325820207595825;0.32170015573501587;0.19004254043102264;0.2666970491409302;0.2754422426223755;0.33496159315109253;0.28026190400123596;0.22659938037395477;0.5130642652511597;;0.30398045778274535;0.5130642652511597;DE
26;Linguagens, Códigos e suas Tecnologias;;D;0.10675987601280212;0.26367345452308655;0.2553654611110687;0.3094315230846405;0.3166310489177704;0.482576847076416;0.2323882281780243;0.25791656970977783;0.19131362438201904;0.3570362329483032;;0.27730928659439086;0.482576847076416;BD
27;Linguagens, Códigos e suas Tecnologias;;C;0.23206187784671783;0.304002583026886;0.40875673294067383;0.5261467695236206;0.49515825510025024;0.30539417266845703;0.3256847560405731;0.5139191150665283;0.566878616809845;0.621631920337677;;0.4299634799361229;0.621631920337677;DE
28;Linguagens, Códigos e suas Tecnologias;;A;0.2810206413269043;0.4292560815811157;0.3755961060523987;0.3856929540634155;0.42604634165763855;0.37823930382728577;0.19213199615478516;0.43542155623435974;0.3472774624824524;0.4274778366088867;;0.36781602799892427;0.43542155623435974;CD
29;Linguagens, Códigos e suas Tecnologias;;D;0.5065944194793701;0.36549365520477295;0.6385179758071899;0.5040003657341003;0.467506468296051;0.5535149574279785;0.49260473251342773;0.40482789278030396;0.3345364034175873;0.5677412748336792;;0.4835338145494461;0.6385179758071899;AD
30;Linguagens, Códigos e suas Tecnologias;;B;0.4595297574996948;0.3071132302284241;0.2624807357788086;0.2413979172706604;0.39314770698547363;0.5784976482391357;0.3242509365081787;0.30433642864227295;0.3018225431442261;0.41250431537628174;;0.3585081219673157;0.5784976482391357;BD
31;Linguagens, Códigos e suas Tecnologias;;B;0.48122912645339966;0.5361078977584839;0.3864911198616028;0.4650002419948578;0.500874400138855;0.5635241270065308;0.6412754654884338;0.4808570146560669;0.6565355062484741;0.5605105757713318;;0.5272405475378037;0.6565355062484741;CE
32;Linguagens, Códigos e suas Tecnologias;;D;0.6966073513031006;0.671456515789032;0.5362168550491333;0.5224357843399048;0.6949937343597412;0.7248475551605225;0.659210205078125;0.6201695203781128;0.7267402410507202;0.7456827163696289;;0.6598360478878021;0.7456827163696289;DE
33;Linguagens, Códigos e suas Tecnologias;;E;0.40246129035949707;0.5176641941070557;0.48587244749069214;0.3999101519584656;0.5973702669143677;0.732459545135498;0.5516999363899231;0.6914423704147339;0.5646203756332397;0.583097517490387;;0.552659809589386;0.732459545135498;BD
34;Linguagens, Códigos e suas Tecnologias;;D;0.62908935546875;0.474254310131073;0.5419975519180298;0.5766050815582275;0.21810224652290344;0.41216540336608887;0.5219127535820007;0.3388547897338867;0.2992989420890808;0.5593074560165405;;0.45715878903865814;0.62908935546875;AB
35;Linguagens, Códigos e suas Tecnologias;;D;0.22140555083751678;0.2448420524597168;0.22292619943618774;-0.04443885758519173;0.12762467563152313;0.2813691198825836;0.029041284695267677;0.06158287823200226;0.36193907260894775;0.04915261268615723;;0.15554445888847113;0.36193907260894775;CE
36;Linguagens, Códigos e suas Tecnologias;;E;0.6309934258460999;0.5204787850379944;0.48901423811912537;0.549294650554657;0.4407917857170105;0.35821181535720825;0.5344757437705994;0.5015198588371277;0.4111180305480957;0.41980066895484924;;0.4855699002742767;0.6309934258460999;AB
37;Linguagens, Códigos e suas Tecnologias;;B;0.518528401851654;0.4721124768257141;0.41748595237731934;0.24939368665218353;0.5780578255653381;0.5147013068199158;0.35014796257019043;0.43789297342300415;0.3785916566848755;0.42154595255851746;;0.43384581953287127;0.5780578255653381;BC
38;Linguagens, Códigos e suas Tecnologias;;D;0.44692304730415344;0.4971599578857422;0.5671588778495789;0.22546042501926422;0.47552692890167236;0.5271138548851013;0.22299011051654816;0.48083731532096863;0.24563416838645935;0.408174991607666;;0.40969796776771544;0.5671588778495789;AD
39;Linguagens, Códigos e suas Tecnologias;;C;0.34917905926704407;0.3680393099784851;0.37748628854751587;0.3575179874897003;0.45475393533706665;0.40728890895843506;0.5348182320594788;0.5033321976661682;0.4774540066719055;0.5120490789413452;;0.43419190049171447;0.5348182320594788;BE
40;Linguagens, Códigos e suas Tecnologias;;E;0.5112178325653076;0.32372403144836426;0.3903326094150543;0.22792217135429382;0.1718742698431015;0.4628047049045563;0.2740204930305481;0.2385902851819992;0.20699572563171387;0.35353848338127136;;0.316102060675621;0.5112178325653076;AB
41;Linguagens, Códigos e suas Tecnologias;;C;0.27097344398498535;0.355114221572876;0.35730135440826416;0.3341576159000397;0.2557453513145447;0.2636455297470093;0.4647296369075775;0.45429205894470215;0.39818263053894043;0.3872612416744232;;0.35414030849933625;0.4647296369075775;BE
42;Linguagens, Códigos e suas Tecnologias;;E;0.24004054069519043;0.5880579948425293;0.40275079011917114;0.5664529204368591;0.3995172083377838;0.44631606340408325;0.42975881695747375;0.509028971195221;0.5617330074310303;0.5159843564033508;;0.4659640669822693;0.5880579948425293;AC
43;Linguagens, Códigos e suas Tecnologias;;D;0.43432918190956116;0.5233675241470337;0.4846654236316681;0.3097231984138489;0.46710050106048584;0.4121343493461609;0.5036636590957642;0.6419894099235535;0.3519269824028015;0.32638606429100037;;0.4455286294221878;0.6419894099235535;CD
44;Linguagens, Códigos e suas Tecnologias;;D;0.21077854931354523;0.5554748773574829;0.32762473821640015;0.19730885326862335;0.29044216871261597;0.573498010635376;0.5042696595191956;0.31247368454933167;0.3186582326889038;0.530807375907898;;0.38213361501693727;0.573498010635376;BD
45;Linguagens, Códigos e suas Tecnologias;;C;0.41237854957580566;0.44828885793685913;0.4644235372543335;0.1927904635667801;0.3696993589401245;0.31248483061790466;0.2735685110092163;0.4603743851184845;0.45786231756210327;0.3537580370903015;;0.3745628848671913;0.4644235372543335;AD
46;Ciências Humanas e suas Tecnologias;;D;0.3145069479942322;0.38607561588287354;0.3664168119430542;0.40159305930137634;0.48973023891448975;0.4836002290248871;0.5157418847084045;0.5556168556213379;0.5013552308082581;0.5383456349372864;;0.45529825091362;0.5556168556213379;CD
47;Ciências Humanas e suas Tecnologias;;A;0.2947764992713928;0.4540126621723175;0.4505278170108795;0.5161073803901672;0.23064768314361572;0.4537981450557709;0.20826102793216705;0.38898319005966187;0.3268889784812927;0.33558622002601624;;0.3659589603543282;0.5161073803901672;AE
48;Ciências Humanas e suas Tecnologias;;D;0.2675744593143463;0.39738357067108154;0.42214906215667725;0.281866192817688;0.2524166703224182;0.44723182916641235;0.4727684259414673;0.5334296822547913;0.32138791680336;0.40853115916252136;;0.38047389686107635;0.5334296822547913;CD
49;Ciências Humanas e suas Tecnologias;;C;0.47075921297073364;0.4901202917098999;0.654556393623352;0.4930104911327362;0.42482176423072815;0.4966788589954376;0.4177161753177643;0.5194429755210876;0.3849567174911499;0.38612818717956543;;0.4738191068172455;0.654556393623352;AD
50;Ciências Humanas e suas Tecnologias;;B;0.4593154191970825;0.32018139958381653;0.33512672781944275;0.5046740174293518;0.28516095876693726;0.3619817793369293;0.6033082604408264;0.5274237394332886;0.4747048616409302;0.30270805954933167;;0.4174585223197937;0.6033082604408264;BE
51;Ciências Humanas e suas Tecnologias;;C;0.23256570100784302;0.31761434674263;0.4662511646747589;0.3748626112937927;0.2525448203086853;0.24541927874088287;0.2687603533267975;0.3843905031681061;0.2918820083141327;0.5386847853660583;;0.3372975572943687;0.5386847853660583;DE
52;Ciências Humanas e suas Tecnologias;;D;0.3020806312561035;0.4193926453590393;0.5105621814727783;0.4445332884788513;0.38127708435058594;0.35495489835739136;0.3559443950653076;0.6235035061836243;0.3621853291988373;0.4408144950866699;;0.4195248454809189;0.6235035061836243;CD
53;Ciências Humanas e suas Tecnologias;;C;0.3721770942211151;0.36503344774246216;0.5029481649398804;0.5119202136993408;0.34070777893066406;0.3355051279067993;0.46867257356643677;0.6347095370292664;0.37682783603668213;0.6135655045509338;;0.4522067278623581;0.6347095370292664;CD
54;Ciências Humanas e suas Tecnologias;;E;0.36615830659866333;0.33918920159339905;0.39033377170562744;0.38974279165267944;0.43109843134880066;0.5359383821487427;0.2684088349342346;0.5036650896072388;0.2964904308319092;0.3562243580818176;;0.3877249598503113;0.5359383821487427;BD
55;Ciências Humanas e suas Tecnologias;;C;0.24406620860099792;0.29362964630126953;0.4754738211631775;0.26453280448913574;0.40826717019081116;0.38836467266082764;0.6015852689743042;0.3993280231952667;0.33847248554229736;0.4455403983592987;;0.38592604994773866;0.6015852689743042;BE
56;Ciências Humanas e suas Tecnologias;;E;0.5413633584976196;0.19061662256717682;0.49899086356163025;0.21276409924030304;0.18819864094257355;0.43114572763442993;0.10193736851215363;0.3000495135784149;0.2469429075717926;0.24298469722270966;;0.2954993799328804;0.5413633584976196;AB
57;Ciências Humanas e suas Tecnologias;;D;0.5924307107925415;0.33569207787513733;0.28012263774871826;0.43615758419036865;0.3704748749732971;0.4260406494140625;0.5279658436775208;0.46149271726608276;0.373437762260437;0.3282167315483093;;0.41320315897464754;0.5924307107925415;AB
58;Ciências Humanas e suas Tecnologias;;E;0.44150614738464355;0.40010762214660645;0.5753388404846191;0.5289657115936279;0.22023169696331024;0.41591960191726685;0.485064297914505;0.32702019810676575;0.32625335454940796;0.5996301174163818;;0.43200375884771347;0.5996301174163818;DE
59;Ciências Humanas e suas Tecnologias;;B;0.5748372077941895;0.6199878454208374;0.43861278891563416;0.42112600803375244;0.5881819128990173;0.43986815214157104;0.6040126085281372;0.5382592082023621;0.44157183170318604;0.5856670141220093;;0.5252124577760696;0.6199878454208374;AC
60;Ciências Humanas e suas Tecnologias;;B;0.35608184337615967;0.25533321499824524;0.39829444885253906;0.421542227268219;0.4080972671508789;0.5225996971130371;0.39481320977211;0.3166026473045349;0.3928668200969696;0.4217991232872009;;0.38880304992198944;0.5225996971130371;BD
61;Ciências Humanas e suas Tecnologias;;B;0.5327305197715759;0.6728295087814331;0.5246995091438293;0.3485581874847412;0.744665265083313;0.6679288744926453;0.39772310853004456;0.7169265151023865;0.5206469297409058;0.44071054458618164;;0.5567418962717057;0.744665265083313;BC
62;Ciências Humanas e suas Tecnologias;;E;0.46346908807754517;0.24814848601818085;0.30529606342315674;0.34812700748443604;0.31625229120254517;0.34695619344711304;0.30683115124702454;0.16809314489364624;0.14390906691551208;0.51322340965271;;0.31603059023618696;0.51322340965271;DE
63;Ciências Humanas e suas Tecnologias;;B;0.4456981122493744;0.43384745717048645;0.5151328444480896;0.4924725294113159;0.33950936794281006;0.4629563093185425;0.45746248960494995;0.3651037812232971;0.33230721950531006;0.5116891860961914;;0.4356179296970367;0.5151328444480896;AD
64;Ciências Humanas e suas Tecnologias;;C;0.5976905822753906;0.3614625632762909;0.4454384744167328;0.25240975618362427;0.3006960153579712;0.33703914284706116;0.2838255763053894;0.6722836494445801;0.5976096391677856;0.4756897985935211;;0.4324145197868347;0.6722836494445801;CD
65;Ciências Humanas e suas Tecnologias;;D;0.5508621335029602;0.4243839383125305;0.3253050148487091;0.33565521240234375;0.42505425214767456;0.2660590410232544;0.2704034447669983;0.5322041511535645;0.3474399447441101;0.43177589774131775;;0.3909143030643463;0.5508621335029602;AB
66;Ciências Humanas e suas Tecnologias;;B;0.4275818467140198;0.29115328192710876;0.6939111351966858;0.15746229887008667;0.33213260769844055;0.5315364599227905;0.41283947229385376;0.28864699602127075;0.3097512125968933;0.28194087743759155;;0.37269561886787417;0.6939111351966858;AD
67;Ciências Humanas e suas Tecnologias;;A;0.3523469865322113;0.26532182097435;0.2205677032470703;0.2542113661766052;0.36768588423728943;0.3425498902797699;0.44587424397468567;0.34344545006752014;0.40177589654922485;0.28539273142814636;;0.32791719734668734;0.44587424397468567;BE
68;Ciências Humanas e suas Tecnologias;;D;0.380817711353302;0.336569607257843;0.25164324045181274;0.43116068840026855;0.4676510691642761;0.37376493215560913;0.2302560806274414;0.4152734875679016;0.21039891242980957;0.23245735466480255;;0.3329993084073067;0.4676510691642761;BC
69;Ciências Humanas e suas Tecnologias;;A;0.2662138044834137;0.3738790452480316;0.3898693323135376;0.407662570476532;0.2536713778972626;0.260741651058197;0.2828984260559082;0.40272581577301025;0.37055087089538574;0.2858729362487793;;0.3294085830450058;0.407662570476532;AE
70;Ciências Humanas e suas Tecnologias;;C;0.2196468710899353;0.4331206679344177;0.4842301905155182;0.4175329804420471;0.2110394537448883;0.2643071413040161;0.11678394675254822;0.4339139461517334;0.6073132753372192;0.3579295873641968;;0.354581806063652;0.6073132753372192;CE
71;Ciências Humanas e suas Tecnologias;;B;0.40540724992752075;0.2331152707338333;0.4611320495605469;0.277391254901886;0.3251916170120239;0.3826029300689697;0.4055018424987793;0.3592820465564728;0.5154178142547607;0.30827751755714417;;0.36733195930719376;0.5154178142547607;CE
72;Ciências Humanas e suas Tecnologias;;C;0.11086329072713852;0.30526331067085266;0.20579074323177338;0.15650665760040283;0.31186097860336304;0.10698887705802917;0.239038348197937;0.3810097575187683;0.4136641025543213;0.4427013695240021;;0.2673687435686588;0.4427013695240021;DE
73;Ciências Humanas e suas Tecnologias;;A;0.30111223459243774;0.3137226998806;0.5048546195030212;0.2595559358596802;0.21369639039039612;0.1829429566860199;0.25468710064888;0.36010807752609253;0.5453125238418579;0.43247711658477783;;0.33684696555137633;0.5453125238418579;CE
74;Ciências Humanas e suas Tecnologias;;D;0.4878891110420227;0.5239672064781189;0.527728259563446;0.33174118399620056;0.3947144150733948;0.3746788203716278;0.28980669379234314;0.4196336567401886;0.29913967847824097;0.4323880076408386;;0.4081687033176422;0.527728259563446;AD
75;Ciências Humanas e suas Tecnologias;;C;0.49317634105682373;0.4368284344673157;0.536048173904419;0.3908727169036865;0.41219624876976013;0.7000916600227356;0.35645145177841187;0.5549581050872803;0.5049898028373718;0.3615225553512573;;0.4747135490179062;0.7000916600227356;BD
76;Ciências Humanas e suas Tecnologias;;E;0.24753235280513763;0.2973897457122803;0.2309434413909912;0.38798245787620544;0.4790934920310974;0.41382497549057007;0.36334913969039917;0.3652292788028717;0.36099207401275635;0.5586767196655273;;0.37050136774778364;0.5586767196655273;DE
77;Ciências Humanas e suas Tecnologias;;B;0.49550288915634155;0.42447200417518616;0.43548375368118286;0.4717731475830078;0.315967321395874;0.37526315450668335;0.454073041677475;0.2690061330795288;0.5560235977172852;0.17122873663902283;;0.39687937796115874;0.5560235977172852;CE
78;Ciências Humanas e suas Tecnologias;;E;0.3146793842315674;0.26039060950279236;0.21950922906398773;0.4026128053665161;0.5046391487121582;0.6075601577758789;0.4493401348590851;0.5746495723724365;0.5124161839485168;0.4626953601837158;;0.4308492586016655;0.6075601577758789;BD
79;Ciências Humanas e suas Tecnologias;;A;0.07697056978940964;0.5515556335449219;0.1558486968278885;0.17189458012580872;0.21424058079719543;0.1070171669125557;0.17427437007427216;0.2015000283718109;0.07297620922327042;0.12255339324474335;;0.18488312289118766;0.5515556335449219;AC
80;Ciências Humanas e suas Tecnologias;;D;0.38108789920806885;0.19046281278133392;0.5177648663520813;0.2821682393550873;0.17344960570335388;0.5156155228614807;0.38051044940948486;0.19643723964691162;0.2350044846534729;0.4939437806606293;;0.33664449006319047;0.5177648663520813;AD
81;Ciências Humanas e suas Tecnologias;;B;0.27559107542037964;0.31013941764831543;0.4645613133907318;0.3513363301753998;0.36139118671417236;0.6266911029815674;0.43527474999427795;0.5708615779876709;0.26044970750808716;0.47185683250427246;;0.4128153294324875;0.6266911029815674;BD
82;Ciências Humanas e suas Tecnologias;;E;0.26295772194862366;0.5377885103225708;0.5948449373245239;0.46543610095977783;0.2867890000343323;0.31252288818359375;0.3227637708187103;0.5446196794509888;0.4013111889362335;0.3520841598510742;;0.4081117957830429;0.5948449373245239;AD
83;Ciências Humanas e suas Tecnologias;;E;0.2864970564842224;0.5602042078971863;0.4485208988189697;0.3276004195213318;0.3665829598903656;0.35684195160865784;0.3227083384990692;0.5514031648635864;0.5006019473075867;0.5331250429153442;;0.42540859878063203;0.5602042078971863;AC
84;Ciências Humanas e suas Tecnologias;;C;0.3310144245624542;0.5038453340530396;0.39984703063964844;0.4010651111602783;0.3717067241668701;0.29054224491119385;0.227617546916008;0.29363250732421875;0.34192419052124023;0.2532927095890045;;0.3414487823843956;0.5038453340530396;AC
85;Ciências Humanas e suas Tecnologias;;A;0.3417884409427643;0.34476274251937866;0.34504348039627075;0.2979782223701477;0.2880156636238098;0.35355234146118164;0.3080575168132782;0.24919909238815308;0.42048442363739014;0.4520401060581207;;0.3400922030210495;0.4520401060581207;DE
86;Ciências Humanas e suas Tecnologias;;E;0.49989575147628784;0.4494287967681885;0.35591936111450195;0.5835027098655701;0.5107572674751282;0.3536704182624817;0.44785410165786743;0.3793702721595764;0.40384215116500854;0.47216394543647766;;0.4456404775381088;0.5835027098655701;AE
87;Ciências Humanas e suas Tecnologias;;C;0.25798457860946655;0.4844706058502197;0.10853897035121918;0.4587200880050659;0.36931419372558594;0.3426780104637146;0.4086904525756836;0.28003695607185364;0.4517920911312103;0.2605975866317749;;0.3422823533415794;0.4844706058502197;AC
88;Ciências Humanas e suas Tecnologias;;E;0.6360480189323425;0.41044408082962036;0.35216420888900757;0.3943791687488556;0.3482242226600647;0.40194863080978394;0.48918911814689636;0.49328601360321045;0.4820842146873474;0.4200998842716217;;0.44278675615787505;0.6360480189323425;AB
89;Ciências Humanas e suas Tecnologias;;D;0.35665836930274963;0.3115876019001007;0.2837129235267639;0.33559632301330566;0.5006012320518494;0.5649266839027405;0.35511893033981323;0.5761609077453613;0.4064989387989044;0.3713005483150482;;0.4062162458896637;0.5761609077453613;CD
90;Ciências Humanas e suas Tecnologias;;A;0.45633646845817566;0.5190411806106567;0.5324653387069702;0.5142748355865479;0.3468485474586487;0.5418559312820435;0.6265082955360413;0.5530418157577515;0.6660094857215881;0.6421087384223938;;0.5398490637540817;0.6660094857215881;CE
91;Ciências da Natureza e suas Tecnologias;;C;0.27563929557800293;0.3946949541568756;0.1797698736190796;0.28830286860466003;0.465717613697052;0.3946564197540283;0.43901872634887695;0.3966110050678253;0.5591223239898682;0.32582956552505493;;0.3719362646341324;0.5591223239898682;CE
92;Ciências da Natureza e suas Tecnologias;;A;0.452942430973053;0.6329066753387451;0.5294402837753296;0.6544671654701233;0.3932465612888336;0.3978607952594757;0.3898145258426666;0.6568014621734619;0.63643479347229;0.6328151226043701;;0.5376729816198349;0.6568014621734619;CD
93;Ciências da Natureza e suas Tecnologias;;E;0.4583084285259247;0.45031049847602844;0.2922525703907013;0.36568373441696167;0.543540358543396;0.18148404359817505;0.11585289984941483;0.12248168885707855;0.2708517014980316;0.3898613154888153;;0.31906272396445273;0.543540358543396;BC
94;Ciências da Natureza e suas Tecnologias;;D;0.6130057573318481;0.5427181720733643;0.5473943948745728;0.5894957780838013;0.7077749967575073;0.6100019216537476;0.5164696574211121;0.7391746044158936;0.549170970916748;0.6903313398361206;;0.6105537593364716;0.7391746044158936;CD
95;Ciências da Natureza e suas Tecnologias;;A;0.8065602779388428;0.7822788953781128;0.8091164231300354;0.793799877166748;0.8003162145614624;0.7826483249664307;0.8492581844329834;0.8430771231651306;0.8084436655044556;0.7579112648963928;;0.8033410251140595;0.8492581844329834;BE
96;Ciências da Natureza e suas Tecnologias;;A;0.436690092086792;0.21721026301383972;0.2905656695365906;0.3672075867652893;0.45317211747169495;0.31200218200683594;0.5393393039703369;0.2594950795173645;0.37505823373794556;0.4521180987358093;;0.3702858626842499;0.5393393039703369;BE
97;Ciências da Natureza e suas Tecnologias;;C;0.9986324906349182;0.990294337272644;0.992587149143219;0.9915268421173096;0.9911954402923584;0.9936422109603882;0.992995023727417;0.9965630173683167;0.9933256506919861;0.9900166988372803;;0.9930778861045837;0.9986324906349182;AB
98;Ciências da Natureza e suas Tecnologias;;C;0.5071886777877808;0.457876980304718;0.521340012550354;0.2633833885192871;0.30439332127571106;0.38669008016586304;0.4026639461517334;0.28009408712387085;0.38465383648872375;0.19812318682670593;;0.3706407517194748;0.521340012550354;AD
99;Ciências da Natureza e suas Tecnologias;;A;0.6120842695236206;0.5038313865661621;0.6033685207366943;0.5800672769546509;0.5918721556663513;0.5674257278442383;0.47436678409576416;0.36014389991760254;0.5660061836242676;0.5570224523544312;;0.5416188657283783;0.6120842695236206;AB
100;Ciências da Natureza e suas Tecnologias;;E;;;;;;;;;;;True;;;
101;Ciências da Natureza e suas Tecnologias;;E;0.40980350971221924;0.33971017599105835;0.6962717771530151;0.41848334670066833;0.4644937515258789;0.5027217864990234;0.26229721307754517;0.3567482829093933;0.5481315851211548;0.3700123727321625;;0.43686738014221194;0.6962717771530151;AD
102;Ciências da Natureza e suas Tecnologias;;Anulado;0.6829732656478882;0.6857293248176575;0.4570125639438629;0.5147008895874023;0.8267316222190857;0.6506837606430054;0.5775389671325684;0.5929393768310547;0.5858718752861023;0.7437648773193359;;0.6317946523427963;0.8267316222190857;BC
103;Ciências da Natureza e suas Tecnologias;;C;0.622679591178894;0.5037623047828674;0.4970821738243103;0.48681414127349854;0.668762743473053;0.5392215847969055;0.49620646238327026;0.6965698599815369;0.5581647753715515;0.7106034755706787;;0.5779867112636566;0.7106034755706787;DE
104;Ciências da Natureza e suas Tecnologias;;B;0.5552334785461426;0.7402918338775635;0.49782758951187134;0.5953429937362671;0.6401593685150146;0.7480113506317139;0.5863620042800903;0.5659977197647095;0.6977705359458923;0.6628956198692322;;0.6289892494678497;0.7480113506317139;BD
105;Ciências da Natureza e suas Tecnologias;;B;0.4690527319908142;0.5377150177955627;0.5525966882705688;0.41200077533721924;0.4134056568145752;0.4100149869918823;0.4196499288082123;0.4725244343280792;0.3944476544857025;0.42323893308639526;;0.4504646807909012;0.5525966882705688;AD
106;Ciências da Natureza e suas Tecnologias;;A;;;;;;;;;;;True;;;
107;Ciências da Natureza e suas Tecnologias;;E;0.6782979369163513;0.6695812344551086;0.7868334054946899;0.6044859290122986;0.6944975256919861;0.7333970665931702;0.7138720750808716;0.7422585487365723;0.6753698587417603;0.7112788558006287;;0.7009872436523438;0.7868334054946899;AD
108;Ciências da Natureza e suas Tecnologias;;D;0.814597487449646;0.8246043920516968;0.893319845199585;0.8678497076034546;0.873030424118042;0.8767404556274414;0.8068151473999023;0.825881838798523;0.8107578754425049;0.8885694742202759;;0.8482166647911071;0.893319845199585;AD
109;Ciências da Natureza e suas Tecnologias;;B;;;;;;;;;;;True;;;
110;Ciências da Natureza e suas Tecnologias;;B;0.9808670282363892;0.9464322328567505;0.936759352684021;0.5778881311416626;0.9592242240905762;0.9465154409408569;0.5651246309280396;0.9414690732955933;0.5506628155708313;0.551842212677002;;0.7956785142421723;0.9808670282363892;AB
111;Ciências da Natureza e suas Tecnologias;;C;0.7916799783706665;0.6580404043197632;0.6571592688560486;0.6615991592407227;0.6434245705604553;0.6228189468383789;0.6898969411849976;0.8617702722549438;0.6858459711074829;0.6788210868835449;;0.6951056599617005;0.8617702722549438;CD
112;Ciências da Natureza e suas Tecnologias;;A;0.5045167803764343;0.5382412075996399;0.3381277322769165;0.3180820345878601;0.6737138628959656;0.49821603298187256;0.5497714877128601;0.4341845214366913;0.3936578631401062;0.45882871747016907;;0.4707340240478516;0.6737138628959656;BC
113;Ciências da Natureza e suas Tecnologias;;A;0.3979014456272125;0.3309903144836426;0.40897345542907715;0.36272090673446655;0.6930990815162659;0.4378717243671417;0.49750733375549316;0.38606148958206177;0.44606563448905945;0.5009890198707581;;0.4462180405855179;0.6930990815162659;BC
114;Ciências da Natureza e suas Tecnologias;;C;0.8164053559303284;0.6882257461547852;0.6767815351486206;0.7184593081474304;0.8098902106285095;0.7106196880340576;0.6561614274978638;0.8396371006965637;0.7133526802062988;0.8424398303031921;;0.7471972882747651;0.8424398303031921;DE
115;Ciências da Natureza e suas Tecnologias;;D;0.8958232998847961;0.8414808511734009;0.8802438974380493;0.8190317153930664;0.9318048357963562;0.8861951231956482;0.7543290853500366;0.8609988689422607;0.7219621539115906;0.7798269987106323;;0.8371696829795837;0.9318048357963562;BC
116;Ciências da Natureza e suas Tecnologias;;E;0.5868617296218872;0.5145816802978516;0.42686742544174194;0.4539108872413635;0.6590319871902466;0.5797663331031799;0.5555262565612793;0.47080883383750916;0.5924243330955505;0.44186386466026306;;0.5281643331050873;0.6590319871902466;BC
117;Ciências da Natureza e suas Tecnologias;;D;0.8561000227928162;0.8517969250679016;0.8613893389701843;0.9932354092597961;0.9867950677871704;0.9948964715003967;0.8402101993560791;0.9885134696960449;0.8413469791412354;0.8547509908676147;;0.9069034874439239;0.9948964715003967;BD
118;Ciências da Natureza e suas Tecnologias;;C;0.7689996957778931;0.7411986589431763;0.6032251119613647;0.6344281435012817;0.7671048045158386;0.6128925681114197;0.8283010721206665;0.8429675698280334;0.6229244470596313;0.7816694974899292;;0.7203711569309235;0.8429675698280334;CD
119;Ciências da Natureza e suas Tecnologias;;B;0.3940621018409729;0.3653108477592468;0.5262020230293274;0.4549158215522766;0.5570114850997925;0.4261024296283722;0.5809376239776611;0.3533622622489929;0.6097004413604736;0.5061721801757812;;0.47737772166728976;0.6097004413604736;CE
120;Ciências da Natureza e suas Tecnologias;;C;0.9388101696968079;0.9511789679527283;0.9241174459457397;0.8668856024742126;0.9712493419647217;0.9220759868621826;0.9097999334335327;0.9391387701034546;0.9074755907058716;0.8492105007171631;;0.9179942309856415;0.9712493419647217;BC
121;Ciências da Natureza e suas Tecnologias;;E;0.4156234860420227;0.23570771515369415;0.4079003930091858;0.2495494782924652;0.4342776834964752;0.4750117063522339;0.42437756061553955;0.4546334743499756;0.6800158619880676;0.4741954505443573;;0.4251292809844017;0.6800158619880676;CE
122;Ciências da Natureza e suas Tecnologias;;E;0.8164053559303284;0.6882257461547852;0.6767815351486206;0.7184593081474304;0.8098902106285095;0.7106196880340576;0.6561614274978638;0.8396371006965637;0.7133526802062988;0.8424398303031921;;0.7471972882747651;0.8424398303031921;DE
123;Ciências da Natureza e suas Tecnologias;;C;0.7465071082115173;0.7426696419715881;0.7602129578590393;0.7627301216125488;0.5804740786552429;0.8794102072715759;0.7873512506484985;0.7836630344390869;0.8814652562141418;0.925638735294342;;0.7850122392177582;0.925638735294342;DE
124;Ciências da Natureza e suas Tecnologias;;A;0.7489443421363831;0.676518440246582;0.7463469505310059;0.6872816681861877;0.7626169919967651;0.7006558179855347;0.720441460609436;0.6820808053016663;0.6993536949157715;0.716364860534668;;0.7140605032444001;0.7626169919967651;BC
125;Ciências da Natureza e suas Tecnologias;;A;0.5770337581634521;0.6167559027671814;0.5943230390548706;0.5639702081680298;0.6341978907585144;0.5465053915977478;0.6281105279922485;0.5507966876029968;0.6609175801277161;0.5043840408325195;;0.5876995027065277;0.6609175801277161;CE
126;Ciências da Natureza e suas Tecnologias;;E;0.4853154420852661;0.43102800846099854;0.48054468631744385;0.5743726491928101;0.46068882942199707;0.45986422896385193;0.49823445081710815;0.32589972019195557;0.5122126340866089;0.4021255373954773;;0.46302861869335177;0.5743726491928101;AE
127;Ciências da Natureza e suas Tecnologias;;E;0.3278278112411499;0.4581749439239502;0.30145156383514404;0.4097835421562195;0.3373277187347412;0.6491541862487793;0.28927960991859436;0.3482944369316101;0.3957265615463257;0.49223652482032776;;0.4009256899356842;0.6491541862487793;BD
128;Ciências da Natureza e suas Tecnologias;;D;0.42536109685897827;0.44256526231765747;0.5482412576675415;0.498185396194458;0.2663115859031677;0.2574146091938019;0.43078696727752686;0.40788114070892334;0.37558305263519287;0.3944997191429138;;0.4046830087900162;0.5482412576675415;AD
129;Ciências da Natureza e suas Tecnologias;;D;0.6759721040725708;0.6277832984924316;0.7889747023582458;0.638333797454834;0.8464635610580444;0.5814192295074463;0.8644027709960938;0.5565385818481445;0.8861277103424072;0.5781158208847046;;0.7044131577014923;0.8861277103424072;CE
130;Ciências da Natureza e suas Tecnologias;;E;0.4362275004386902;0.31760549545288086;0.3130861818790436;0.35501372814178467;0.35333219170570374;0.33441320061683655;0.47861701250076294;0.5471178293228149;0.6671950817108154;0.5965033769607544;;0.4399111598730087;0.6671950817108154;CE
131;Ciências da Natureza e suas Tecnologias;;B;0.46964016556739807;0.5000084042549133;0.482591837644577;0.5110815167427063;0.5318849086761475;0.3548104166984558;0.46874386072158813;0.5724248290061951;0.6633853912353516;0.6667619943618774;;0.522133332490921;0.6667619943618774;DE
132;Ciências da Natureza e suas Tecnologias;;B;0.3821641206741333;0.5281673669815063;0.5047326683998108;0.5052931308746338;0.576132595539093;0.4342944025993347;0.30034035444259644;0.5592331886291504;0.401123970746994;0.3457496464252472;;0.45372314453125;0.576132595539093;BC
133;Ciências da Natureza e suas Tecnologias;;D;0.41283631324768066;0.27410888671875;0.5984185934066772;0.6012168526649475;0.2228899598121643;0.5835679769515991;0.4205828309059143;0.2645571231842041;0.4847699999809265;0.5079387426376343;;0.4370887279510498;0.6012168526649475;AE
134;Ciências da Natureza e suas Tecnologias;;D;0.4942651093006134;0.4598153233528137;0.34771794080734253;0.3777548372745514;0.515025794506073;0.45414283871650696;0.5155833959579468;0.3951359987258911;0.4140724241733551;0.2900133728981018;;0.4263527035713196;0.5155833959579468;BE
135;Ciências da Natureza e suas Tecnologias;;B;;;;;;;;;;;True;;;
136;Matemática e suas Tecnologias;;C;0.706438422203064;0.6888313889503479;0.6664654016494751;0.6549135446548462;0.8423135876655579;0.6921085715293884;0.6601553559303284;0.6856175661087036;0.7153730392456055;0.7843137383460999;;0.7096530616283416;0.8423135876655579;BC
137;Matemática e suas Tecnologias;;E;0.7658312320709229;0.7351518869400024;0.6789727210998535;0.6720497012138367;0.8066883087158203;0.6302472949028015;0.5914971828460693;0.7259613275527954;0.6050678491592407;0.7020395398139954;;0.6913507044315338;0.8066883087158203;BC
138;Matemática e suas Tecnologias;;C;0.7450615167617798;0.7688907384872437;0.6476619839668274;0.5819291472434998;0.7367532253265381;0.6048813462257385;0.5825305581092834;0.7534959316253662;0.6612295508384705;0.6728166937828064;;0.6755250692367554;0.7688907384872437;AC
139;Matemática e suas Tecnologias;;E;0.8973434567451477;0.8060992360115051;0.8085284233093262;0.7918280363082886;0.8927836418151855;0.8490917086601257;0.8436334133148193;0.8849378824234009;0.8909686803817749;0.9798370599746704;;0.8645051538944244;0.9798370599746704;DE
140;Matemática e suas Tecnologias;;B;0.6752510070800781;0.416272908449173;0.53086256980896;0.7231103181838989;0.6276147365570068;0.5886586904525757;0.6361980438232422;0.5337265133857727;0.4495334029197693;0.6716609001159668;;0.5852889090776443;0.7231103181838989;AE
141;Matemática e suas Tecnologias;;E;0.9226976633071899;0.9532407522201538;0.8735078573226929;0.8844313621520996;0.8918962478637695;0.9128483533859253;0.9441685676574707;0.9251904487609863;0.908004641532898;0.9666850566864014;;0.9182670950889588;0.9666850566864014;DE
142;Matemática e suas Tecnologias;;D;0.7371989488601685;0.8614749908447266;0.5549665689468384;0.6051125526428223;0.7560338973999023;0.5237003564834595;0.6100795269012451;0.6460809111595154;0.6502935290336609;0.647402286529541;;0.6592343568801879;0.8614749908447266;AC
143;Matemática e suas Tecnologias;;A;0.5899677276611328;0.5090135335922241;0.4111067056655884;0.5678701400756836;0.5932976603507996;0.3750897943973541;0.5160693526268005;0.482064425945282;0.5286935567855835;0.37929266691207886;;0.49524655640125276;0.5932976603507996;BC
144;Matemática e suas Tecnologias;;D;0.6302981376647949;0.5593239665031433;0.5851501822471619;0.4884040653705597;0.6886915564537048;0.6778812408447266;0.5672770738601685;0.7709493637084961;0.5507311820983887;0.5662963390350342;;0.6085003107786179;0.7709493637084961;CD
145;Matemática e suas Tecnologias;;C;0.7205778956413269;0.672757625579834;0.6348402500152588;0.6441372632980347;0.8201577663421631;0.6585540771484375;0.6310093402862549;0.6956244111061096;0.6381253600120544;0.8425172567367554;;0.695830124616623;0.8425172567367554;DE
146;Matemática e suas Tecnologias;;A;;;;;;;;;;;True;;;
147;Matemática e suas Tecnologias;;A;0.8980181217193604;0.7205564975738525;0.7530877590179443;0.7982550859451294;0.7205026149749756;0.8069782257080078;0.8403407335281372;0.7279701232910156;0.746589720249176;0.8885601758956909;;0.790085905790329;0.8980181217193604;AB
148;Matemática e suas Tecnologias;;D;0.6130057573318481;0.5427181720733643;0.5473943948745728;0.5894957780838013;0.7077749967575073;0.6100019216537476;0.5164696574211121;0.7391746044158936;0.549170970916748;0.6903313398361206;;0.6105537593364716;0.7391746044158936;CD
149;Matemática e suas Tecnologias;;E;0.8074450492858887;0.8171666860580444;0.826067328453064;0.7319525480270386;0.7108926773071289;0.807929515838623;0.8283755779266357;0.8785990476608276;0.8432329893112183;0.904533863067627;;0.8156195282936096;0.904533863067627;DE
150;Matemática e suas Tecnologias;;C;0.5969086289405823;0.5897810459136963;0.5612415075302124;0.7810221910476685;0.7593011856079102;0.757853627204895;0.5749436616897583;0.6883941888809204;0.6785197257995605;0.7989034652709961;;0.67868692278862;0.7989034652709961;DE
151;Matemática e suas Tecnologias;;D;0.6485415101051331;0.7901652455329895;0.624165415763855;0.5711797475814819;0.4610872268676758;0.4770958125591278;0.39952361583709717;0.868015468120575;0.7936075925827026;0.866640031337738;;0.6500021666288376;0.868015468120575;CD
152;Matemática e suas Tecnologias;;B;0.7714082598686218;0.6924922466278076;0.5866091251373291;0.5488972663879395;0.7494025826454163;0.6329306364059448;0.5890661478042603;0.7172857522964478;0.6966457962989807;0.7336927652359009;;0.6718430578708648;0.7714082598686218;AB
153;Matemática e suas Tecnologias;;B;;;;;;;;;;;True;;;
154;Matemática e suas Tecnologias;;C;0.6702472567558289;0.4726547598838806;0.5902928709983826;0.5906661748886108;0.5357930660247803;0.6394571661949158;0.4961334466934204;0.5507155060768127;0.5526496171951294;0.5999394655227661;;0.5698549330234528;0.6702472567558289;AB
155;Matemática e suas Tecnologias;;E;0.570341944694519;0.52639240026474;0.5082164406776428;0.5582373142242432;0.622679591178894;0.5037623047828674;0.4970821738243103;0.668762743473053;0.5392215847969055;0.6965698599815369;;0.5691266357898712;0.6965698599815369;DE
156;Matemática e suas Tecnologias;;B;0.8634703159332275;0.7816659212112427;0.837460994720459;0.5487082600593567;0.9252404570579529;0.9083707332611084;0.5136784911155701;0.8076279163360596;0.5204513072967529;0.5058228969573975;;0.7212497293949127;0.9252404570579529;BC
157;Matemática e suas Tecnologias;;B;0.5503673553466797;0.5833667516708374;0.6165953278541565;0.7046080827713013;0.414045512676239;0.43947601318359375;0.5517234206199646;0.6264992356300354;0.5501632690429688;0.6935793161392212;;0.5730424284934997;0.7046080827713013;AE
158;Matemática e suas Tecnologias;;C;0.8610624670982361;0.8718263506889343;0.8798332214355469;0.8225112557411194;0.9302512407302856;0.912692666053772;0.8918114900588989;0.9279718995094299;0.9221526384353638;0.9070538282394409;;0.8927167057991028;0.9302512407302856;BC
159;Matemática e suas Tecnologias;;C;0.7085407972335815;0.6333639025688171;0.5832722783088684;0.6384456157684326;0.671932578086853;0.6429163217544556;0.6728488206863403;0.7659488916397095;0.9082469940185547;0.7340520024299622;;0.6959568202495575;0.9082469940185547;CE
160;Matemática e suas Tecnologias;;C;0.787460446357727;0.7435065507888794;0.718897819519043;0.603329598903656;0.8434700965881348;0.8514612913131714;0.6396116018295288;0.737613320350647;0.6110988855361938;0.7531195878982544;;0.7289569199085235;0.8514612913131714;BD
161;Matemática e suas Tecnologias;;A;0.8032618761062622;0.7575249075889587;0.7494279146194458;0.5635242462158203;0.8262644410133362;0.636023759841919;0.6992892622947693;0.77225261926651;0.5086209774017334;0.32854872941970825;;0.6644738733768463;0.8262644410133362;BC
162;Matemática e suas Tecnologias;;C;;;;;;;;;;;True;;;
163;Matemática e suas Tecnologias;;A;0.570341944694519;0.52639240026474;0.5082164406776428;0.5582373142242432;0.622679591178894;0.5037623047828674;0.4970821738243103;0.668762743473053;0.5392215847969055;0.6965698599815369;;0.5691266357898712;0.6965698599815369;DE
164;Matemática e suas Tecnologias;;B;0.7517648935317993;0.6222103834152222;0.5822417736053467;0.5636879801750183;0.7602035403251648;0.5874927043914795;0.5635311603546143;0.5735735297203064;0.5567926168441772;0.7115143537521362;;0.6273012936115265;0.7602035403251648;BC
165;Matemática e suas Tecnologias;;B;0.4806026220321655;0.45613694190979004;0.5391690731048584;0.41417449712753296;0.5629767179489136;0.5024862289428711;0.4317762851715088;0.5020568370819092;0.5354345440864563;0.6110038757324219;;0.5035817623138428;0.6110038757324219;DE
166;Matemática e suas Tecnologias;;A;0.6369680166244507;0.6978086233139038;0.41459232568740845;0.3668500781059265;0.572346568107605;0.4264836311340332;0.3815743625164032;0.38743895292282104;0.42478829622268677;0.6710633039474487;;0.4979914158582687;0.6978086233139038;AC
167;Matemática e suas Tecnologias;;B;0.7281492948532104;0.5131988525390625;0.6571172475814819;0.4987128973007202;0.4527748227119446;0.9497714638710022;0.4616782069206238;0.4000953137874603;0.9757643938064575;0.4453776478767395;;0.6082640141248703;0.9757643938064575;CE
168;Matemática e suas Tecnologias;;B;0.5437219142913818;0.6598798036575317;0.5299832820892334;0.6373190879821777;0.623020589351654;0.7043911814689636;0.5182965993881226;0.7969670295715332;0.6889923214912415;0.6559653282165527;;0.6358537137508392;0.7969670295715332;CD
169;Matemática e suas Tecnologias;;A;0.8571856021881104;0.7752470970153809;0.800977349281311;0.8087538480758667;0.7995624542236328;0.9104808568954468;0.9219145774841309;0.756415605545044;0.7639939785003662;0.9581776857376099;;0.83527090549469;0.9581776857376099;DE
170;Matemática e suas Tecnologias;;D;0.4890657067298889;0.5502029657363892;0.6150996685028076;0.3822500705718994;0.4950661361217499;0.5275247097015381;0.5631234049797058;0.638870120048523;0.3863503932952881;0.5184423923492432;;0.5165995568037033;0.638870120048523;CD
171;Matemática e suas Tecnologias;;D;0.553449273109436;0.38724836707115173;0.8595898151397705;0.3766239285469055;0.47747480869293213;0.5741674900054932;0.4582281708717346;0.41539689898490906;0.919678807258606;0.529761016368866;;0.5551618576049805;0.919678807258606;CE
172;Matemática e suas Tecnologias;;D;0.6068534851074219;0.4146718978881836;0.25972747802734375;0.3508147597312927;0.5878167152404785;0.30947792530059814;0.42378658056259155;0.3336910009384155;0.4175029993057251;0.6845886707305908;;0.43889315128326417;0.6845886707305908;DE
173;Matemática e suas Tecnologias;;C;0.570341944694519;0.52639240026474;0.5082164406776428;0.5582373142242432;0.622679591178894;0.5037623047828674;0.4970821738243103;0.668762743473053;0.5392215847969055;0.6965698599815369;;0.5691266357898712;0.6965698599815369;DE
174;Matemática e suas Tecnologias;;E;0.561337947845459;0.5534512996673584;0.4541170299053192;0.6146717071533203;0.49628931283950806;0.6568000316619873;0.4424346685409546;0.5280108451843262;0.744022011756897;0.39575105905532837;;0.5446885913610459;0.744022011756897;CE
175;Matemática e suas Tecnologias;;A;0.9620512127876282;0.9503183364868164;0.9852614402770996;0.9442355632781982;0.9750896692276001;0.9554760456085205;0.9744412899017334;0.9373124837875366;0.9833725094795227;0.948717474937439;;0.9616276025772095;0.9852614402770996;AD
176;Matemática e suas Tecnologias;;D;0.8262413740158081;0.6801490783691406;0.6692532896995544;0.6102215647697449;0.679816484451294;0.6529892683029175;0.5821577906608582;0.8091831207275391;0.6802747845649719;0.7394928932189941;;0.6929779648780823;0.8262413740158081;AB
177;Matemática e suas Tecnologias;;B;0.6486661434173584;0.6291038990020752;0.48845767974853516;0.5675207376480103;0.5948922634124756;0.7415030002593994;0.6287811994552612;0.6593408584594727;0.6655111908912659;0.752170741558075;;0.6375947713851928;0.752170741558075;DE
178;Matemática e suas Tecnologias;;Anulado;0.9093034267425537;0.8601852059364319;0.7260710000991821;0.804722785949707;0.9497433304786682;0.8040015697479248;0.8470858335494995;0.8662451505661011;0.8714081048965454;0.955571174621582;;0.8594337582588196;0.955571174621582;DE
179;Matemática e suas Tecnologias;;C;0.7218576669692993;0.831622838973999;0.7586532831192017;0.7801532745361328;0.774828314781189;0.6667071580886841;0.7481845617294312;0.8856097459793091;0.7779289484024048;0.8422716856002808;;0.7787817478179931;0.8856097459793091;CD
180;Matemática e suas Tecnologias;;E;0.5887296199798584;0.6962776184082031;0.7506551146507263;0.4266575872898102;0.38860979676246643;0.4019531309604645;0.43845346570014954;0.7921786308288574;0.44471079111099243;0.5155144929885864;;0.5443740248680115;0.7921786308288574;CD
