nivel;ano;area;variavel;descricao;n;pearson_r;pearson_p;spearman_rho;spearman_p
geral;;;similaridade_com_correta;Similaridade com a correta;10740;0.13277295381260096;1.9466427356190497e-43;0.16219624327129886;3.246611459812452e-64
ano;2020.0;;similaridade_com_correta;Similaridade com a correta;2112;0.09718173890001636;7.674030172689811e-06;0.1084313320326092;5.886396997262202e-07
ano;2022.0;;similaridade_com_correta;Similaridade com a correta;2096;0.15046386371401738;4.393980752492976e-12;0.16872934302823836;7.48608028324686e-15
ano;2023.0;;similaridade_com_correta;Similaridade com a correta;2212;0.13660519931717874;1.1079584440510381e-10;0.1712000303634343;5.178465501733004e-16
ano;2024.0;;similaridade_com_correta;Similaridade com a correta;2176;0.14380989515994919;1.5883007098504362e-11;0.21963092774490942;3.533212355420868e-25
ano;2025.0;;similaridade_com_correta;Similaridade com a correta;2144;0.14160205636306994;4.5172313203588744e-11;0.14419299782494913;1.975715761585342e-11
area;;CH;similaridade_com_correta;Similaridade com a correta;3584;0.10524756200368537;2.6815018341660006e-10;0.10648534490771439;1.6495482689768392e-10
area;;CN;similaridade_com_correta;Similaridade com a correta;2576;0.04600087758849314;0.01955148758972079;0.10646686664593669;6.080067697955238e-08
area;;LC;similaridade_com_correta;Similaridade com a correta;4000;0.0539131346962701;0.0006468208222738641;0.07831275049429319;7.085614026045329e-07
area;;MT;similaridade_com_correta;Similaridade com a correta;580;0.11766108941688463;0.004548217696954702;0.13209729603448092;0.001430407741894407
ano_area;2020.0;CH;similaridade_com_correta;Similaridade com a correta;720;0.19796899414281646;8.511660231628487e-08;0.15734127468021106;2.2250932093142092e-05
ano_area;2020.0;CN;similaridade_com_correta;Similaridade com a correta;544;0.06389988045610372;0.1366238859293287;0.17500745371608498;4.057751335174629e-05
ano_area;2020.0;LC;similaridade_com_correta;Similaridade com a correta;800;-0.018516322269023118;0.6010114063357015;-0.03481096233548383;0.32542969988994797
ano_area;2020.0;MT;similaridade_com_correta;Similaridade com a correta;48;0.37239901064872477;0.009146218024690487;0.49096319556146295;0.00039548670267858753
ano_area;2022.0;CH;similaridade_com_correta;Similaridade com a correta;704;0.18408833277625453;8.751126167028817e-07;0.18500642171328596;7.701562177232523e-07
ano_area;2022.0;CN;similaridade_com_correta;Similaridade com a correta;496;0.030072175389322747;0.5040056360499272;0.057072809005376805;0.20447700443463857
ano_area;2022.0;LC;similaridade_com_correta;Similaridade com a correta;800;0.022473072640148722;0.5256105589802026;0.040027375366327576;0.2581274494372042
ano_area;2022.0;MT;similaridade_com_correta;Similaridade com a correta;96;0.05953981733771113;0.564454037129282;0.14993217029368952;0.14482917493653585
ano_area;2023.0;CH;similaridade_com_correta;Similaridade com a correta;720;0.07254933895543936;0.0516685090278928;0.07266763119768456;0.051287474968539325
ano_area;2023.0;CN;similaridade_com_correta;Similaridade com a correta;528;-0.02705592108002744;0.535035364980777;0.03397781374138088;0.4359058971700387
ano_area;2023.0;LC;similaridade_com_correta;Similaridade com a correta;800;0.05681713153756367;0.1083144116449286;0.06811487386498308;0.05412883397184956
ano_area;2023.0;MT;similaridade_com_correta;Similaridade com a correta;164;0.15407688908572217;0.048857455474755826;0.17339316971400726;0.026393113363592197
ano_area;2024.0;CH;similaridade_com_correta;Similaridade com a correta;720;0.04599491867647813;0.2176947193622745;0.09582324361107282;0.010091966788054433
ano_area;2024.0;CN;similaridade_com_correta;Similaridade com a correta;496;0.025029936204794528;0.5781262248430286;0.04862243580592681;0.2797948960556383
ano_area;2024.0;LC;similaridade_com_correta;Similaridade com a correta;800;0.1592422979475451;6.013331016753814e-06;0.24661068156504817;1.5071188742065731e-12
ano_area;2024.0;MT;similaridade_com_correta;Similaridade com a correta;160;-0.03964611264962306;0.6186589891242588;0.025902394200402155;0.7450843036819683
ano_area;2025.0;CH;similaridade_com_correta;Similaridade com a correta;720;0.07752523743681444;0.0375496829108226;0.09645704806758974;0.009604340682586716
ano_area;2025.0;CN;similaridade_com_correta;Similaridade com a correta;512;0.20478088745955897;2.9837126669705383e-06;0.28104095984768723;9.504186445145863e-11
ano_area;2025.0;LC;similaridade_com_correta;Similaridade com a correta;800;0.06243170628648512;0.0775980538194632;0.06451041928343575;0.06820091521952132
ano_area;2025.0;MT;similaridade_com_correta;Similaridade com a correta;112;0.23300298467755068;0.013423267749791716;0.2298501240464247;0.014770761624163747
geral;;;sim_media_outros_distratores;Similaridade com outros distratores;10740;0.10806024669417272;2.8947502027710885e-29;0.12831266753450699;1.1651797134980753e-40
ano;2020.0;;sim_media_outros_distratores;Similaridade com outros distratores;2112;0.07492218513815924;0.000569019733138557;0.08168645448929182;0.00017122022406491672
ano;2022.0;;sim_media_outros_distratores;Similaridade com outros distratores;2096;0.10745056219266635;8.195322640125127e-07;0.11373847038601334;1.779315665511612e-07
ano;2023.0;;sim_media_outros_distratores;Similaridade com outros distratores;2212;0.10140536291216608;1.7624416403565618e-06;0.1106708032363148;1.807166087901491e-07
ano;2024.0;;sim_media_outros_distratores;Similaridade com outros distratores;2176;0.15062546187496756;1.6340347643939566e-12;0.2189249133987289;5.047701266396345e-25
ano;2025.0;;sim_media_outros_distratores;Similaridade com outros distratores;2144;0.11328682629463174;1.4449535739574702e-07;0.12750329666316962;3.130932948317481e-09
area;;CH;sim_media_outros_distratores;Similaridade com outros distratores;3584;0.07850106919683954;2.536067012377418e-06;0.11023406721554314;3.6606050971362734e-11
area;;CN;sim_media_outros_distratores;Similaridade com outros distratores;2576;0.021177157494513064;0.2826296328732871;0.08624004393545058;1.170038932727443e-05
area;;LC;sim_media_outros_distratores;Similaridade com outros distratores;4000;-0.024514433356852036;0.12109897535632988;-0.03939815955286241;0.012704496572570343
area;;MT;sim_media_outros_distratores;Similaridade com outros distratores;580;0.054760434672252334;0.1878556790740026;0.06551895419548204;0.11498081393479438
ano_area;2020.0;CH;sim_media_outros_distratores;Similaridade com outros distratores;720;0.09918345146359545;0.007737453083156254;0.10946016210432102;0.003273001850502459
ano_area;2020.0;CN;sim_media_outros_distratores;Similaridade com outros distratores;544;0.08991404668535014;0.03603235273116753;0.18566271944664633;1.3104663800686796e-05
ano_area;2020.0;LC;sim_media_outros_distratores;Similaridade com outros distratores;800;-0.06286493281942547;0.07555729884518819;-0.09792823811613678;0.005568506285552527
ano_area;2020.0;MT;sim_media_outros_distratores;Similaridade com outros distratores;48;-0.2419722284612595;0.0975259329841818;-0.1502948557841213;0.30790310362437945
ano_area;2022.0;CH;sim_media_outros_distratores;Similaridade com outros distratores;704;0.13001345614246815;0.0005437872059720944;0.1660853042081606;9.435945160207966e-06
ano_area;2022.0;CN;sim_media_outros_distratores;Similaridade com outros distratores;496;0.0702921573262354;0.11794321253121152;0.0931887426462053;0.03801510354130618
ano_area;2022.0;LC;sim_media_outros_distratores;Similaridade com outros distratores;800;-0.1390516303608772;7.946449162663293e-05;-0.13335317735604352;0.00015506960306860008
ano_area;2022.0;MT;sim_media_outros_distratores;Similaridade com outros distratores;96;-0.0509647292026506;0.6219209160322042;0.01851751904025648;0.857880748419613
ano_area;2023.0;CH;sim_media_outros_distratores;Similaridade com outros distratores;720;0.05628858553421802;0.13131068019617748;0.08264510159540213;0.026586056868302937
ano_area;2023.0;CN;sim_media_outros_distratores;Similaridade com outros distratores;528;-0.09903424993126406;0.022855724970226126;-0.10880260506808105;0.012363398505616557
ano_area;2023.0;LC;sim_media_outros_distratores;Similaridade com outros distratores;800;-0.04180506194595042;0.2375657020610448;-0.10270948640340266;0.003634983977741357
ano_area;2023.0;MT;sim_media_outros_distratores;Similaridade com outros distratores;164;0.09227648318081587;0.23992030547725643;0.1395597587617763;0.07470042035393173
ano_area;2024.0;CH;sim_media_outros_distratores;Similaridade com outros distratores;720;0.0598542384906488;0.10855849313895269;0.09325604570003723;0.012299534671195886
ano_area;2024.0;CN;sim_media_outros_distratores;Similaridade com outros distratores;496;-0.02926486780985922;0.5155279145923618;0.11174954348638745;0.012763328886182897
ano_area;2024.0;LC;sim_media_outros_distratores;Similaridade com outros distratores;800;0.10214248851637829;0.003827057316754136;0.11101516192774226;0.0016620115423303515
ano_area;2024.0;MT;sim_media_outros_distratores;Similaridade com outros distratores;160;0.054974217487553996;0.48991433043084065;0.13605351251086997;0.08626306309568185
ano_area;2025.0;CH;sim_media_outros_distratores;Similaridade com outros distratores;720;0.08051857476054973;0.0307498691228613;0.13396711382485016;0.000312477459767988
ano_area;2025.0;CN;sim_media_outros_distratores;Similaridade com outros distratores;512;0.12161068977281808;0.005864855553022995;0.18598325110469388;2.2851145827556287e-05
ano_area;2025.0;LC;sim_media_outros_distratores;Similaridade com outros distratores;800;0.02062271792115509;0.5602646682027524;0.02710779752729728;0.44387498316007096
ano_area;2025.0;MT;sim_media_outros_distratores;Similaridade com outros distratores;112;-0.08092387588428807;0.39632525499396376;-0.04287253540892705;0.6535494623312232
geral;;;diferenca_similaridade;Proximidade relativa;10740;-0.052487001347323245;5.2521818163451756e-08;-0.0641539731485954;2.8404721385268048e-11
ano;2020.0;;diferenca_similaridade;Proximidade relativa;2112;-0.04379577229000535;0.04416994185319553;-0.047245742205208795;0.02991786848405165
ano;2022.0;;diferenca_similaridade;Proximidade relativa;2096;-0.07739891749049255;0.00039010066235084235;-0.10862312642963239;6.203145454116766e-07
ano;2023.0;;diferenca_similaridade;Proximidade relativa;2212;-0.06832544688072463;0.001302549708402562;-0.08670535190125131;4.4399814818199776e-05
ano;2024.0;;diferenca_similaridade;Proximidade relativa;2176;-0.0035503757360117348;0.8685331986825312;-0.010884900416147232;0.6118195234004115
ano;2025.0;;diferenca_similaridade;Proximidade relativa;2144;-0.06520220328927505;0.0025232933087833663;-0.05872182607822234;0.006532565340369232
area;;CH;diferenca_similaridade;Proximidade relativa;3584;-0.04526066891404658;0.006727464077246086;-0.03279909284034289;0.04959846362572958
area;;CN;diferenca_similaridade;Proximidade relativa;2576;-0.044025769258113606;0.02545042713517335;-0.04803057219917144;0.014769491607640505
area;;LC;diferenca_similaridade;Proximidade relativa;4000;-0.08281965260890245;1.5598551699198463e-07;-0.11979624618846324;2.924908000652929e-14
area;;MT;diferenca_similaridade;Proximidade relativa;580;-0.11584419294941578;0.005217511455589919;-0.16342612776492918;7.687320904198726e-05
ano_area;2020.0;CH;diferenca_similaridade;Proximidade relativa;720;-0.11899740119648604;0.0013797207583269675;-0.08869096020569169;0.017294527702555452
ano_area;2020.0;CN;diferenca_similaridade;Proximidade relativa;544;0.02559886438242131;0.5513173655461053;0.015848295682872545;0.7122652499358776
ano_area;2020.0;LC;diferenca_similaridade;Proximidade relativa;800;-0.042177137697776916;0.23341241621542988;-0.06781702569952927;0.05519175124592488
ano_area;2020.0;MT;diferenca_similaridade;Proximidade relativa;48;-0.3681457097866086;0.010039301455782773;-0.47745844040404906;0.000600123544503603
ano_area;2022.0;CH;diferenca_similaridade;Proximidade relativa;704;-0.08040497259954302;0.03292075719710847;-0.07357966099136963;0.0510016900171859
ano_area;2022.0;CN;diferenca_similaridade;Proximidade relativa;496;0.05396995645506239;0.2302131752311884;0.006830240397842327;0.8793962328203323
ano_area;2022.0;LC;diferenca_similaridade;Proximidade relativa;800;-0.1428680696091602;5.004396005703636e-05;-0.1939296068909078;3.217779448271759e-08
ano_area;2022.0;MT;diferenca_similaridade;Proximidade relativa;96;-0.3098757198134634;0.0021236047484850104;-0.42335066990568765;1.7270735450766153e-05
ano_area;2023.0;CH;diferenca_similaridade;Proximidade relativa;720;-0.02928260977065766;0.43272455271552857;-0.007194742302978795;0.8471764928365261
ano_area;2023.0;CN;diferenca_similaridade;Proximidade relativa;528;-0.08331391070046806;0.055722708652665924;-0.10330551304513869;0.01757225354762193
ano_area;2023.0;LC;diferenca_similaridade;Proximidade relativa;800;-0.10359064945927099;0.003353801369538276;-0.1671856632208967;1.986087083752657e-06
ano_area;2023.0;MT;diferenca_similaridade;Proximidade relativa;164;-0.14630624779969065;0.06157064140406176;-0.14864604197335024;0.05748498163332275
ano_area;2024.0;CH;diferenca_similaridade;Proximidade relativa;720;-0.001930404325258414;0.958761177510679;-0.04781905989826158;0.19997463420366815
ano_area;2024.0;CN;diferenca_similaridade;Proximidade relativa;496;-0.09594457632090524;0.03265282017908846;0.0002619904390442489;0.99535627225527
ano_area;2024.0;LC;diferenca_similaridade;Proximidade relativa;800;-0.07955304489564231;0.024439508964230174;-0.14455035731935878;4.066308545016234e-05
ano_area;2024.0;MT;diferenca_similaridade;Proximidade relativa;160;0.13182930633320128;0.09657107420183046;0.12576054934818473;0.11306084737480278
ano_area;2025.0;CH;diferenca_similaridade;Proximidade relativa;720;-0.013355377842088414;0.7205261502058111;0.006955870002993626;0.8521910519714997
ano_area;2025.0;CN;diferenca_similaridade;Proximidade relativa;512;-0.18008540195727848;4.159039458389653e-05;-0.17304600108938478;8.293934010829033e-05
ano_area;2025.0;LC;diferenca_similaridade;Proximidade relativa;800;-0.04950050210671307;0.16188677544627622;-0.05696119401976935;0.10742101467400846
ano_area;2025.0;MT;diferenca_similaridade;Proximidade relativa;112;-0.26149037631814087;0.0053538020244073324;-0.23795282810696355;0.01152369110303096
