Numero;Area;Idioma;Gabarito;sim_AB;sim_AC;sim_AD;sim_AE;sim_BC;sim_BD;sim_BE;sim_CD;sim_CE;sim_DE;tem_alternativa_imagem;sim_media;sim_maxima;par_mais_similar
1;Linguagens, Códigos e suas Tecnologias;Inglês;A;0.5695318579673767;0.47221505641937256;0.30929073691368103;0.5693719387054443;0.5295112133026123;0.3692626655101776;0.5634949207305908;0.5477983355522156;0.6806949377059937;0.35744786262512207;;0.49686195254325866;0.6806949377059937;CE
1;Linguagens, Códigos e suas Tecnologias;Espanhol;D;0.3922296166419983;0.28064069151878357;0.5838611125946045;0.36183223128318787;0.2941824793815613;0.34904855489730835;0.3206084966659546;0.284604012966156;0.5798497200012207;0.36050283908843994;;0.3807359755039215;0.5838611125946045;AD
2;Linguagens, Códigos e suas Tecnologias;Inglês;E;0.4585522413253784;0.32893121242523193;0.5058482885360718;0.3682057857513428;0.3730470836162567;0.2855411171913147;0.4161356985569;0.13531862199306488;0.2570554316043854;0.5223712921142578;;0.36510067731142043;0.5223712921142578;DE
2;Linguagens, Códigos e suas Tecnologias;Espanhol;B;0.4444003105163574;0.21929669380187988;0.43298396468162537;0.2371535301208496;0.34957581758499146;0.5454558730125427;0.4944029748439789;0.3620319366455078;0.1716824173927307;0.38680577278137207;;0.3643789291381836;0.5454558730125427;BD
3;Linguagens, Códigos e suas Tecnologias;Inglês;D;0.23377764225006104;0.422878623008728;0.3830907940864563;0.21061629056930542;0.41362589597702026;0.45166510343551636;0.23026713728904724;0.5363332033157349;0.41998669505119324;0.5148012042045593;;0.3817042589187622;0.5363332033157349;CD
3;Linguagens, Códigos e suas Tecnologias;Espanhol;A;0.3071584701538086;0.5112035870552063;0.37460216879844666;0.3649529814720154;0.19684745371341705;0.3739274740219116;0.10191164165735245;0.5613354444503784;0.6386459469795227;0.3524462580680847;;0.37830314263701437;0.6386459469795227;CE
4;Linguagens, Códigos e suas Tecnologias;Inglês;D;0.238770991563797;0.16555649042129517;0.23533973097801208;0.22607725858688354;0.2580752372741699;0.4403038024902344;0.22338277101516724;0.3782455325126648;0.17164717614650726;0.2931988537311554;;0.2630597844719887;0.4403038024902344;BD
4;Linguagens, Códigos e suas Tecnologias;Espanhol;C;0.275826096534729;0.2025199681520462;0.3273789584636688;0.34917813539505005;0.49660027027130127;0.3718279004096985;0.3301045894622803;0.3294367492198944;0.1794702112674713;0.32089900970458984;;0.31832418888807296;0.49660027027130127;BC
5;Linguagens, Códigos e suas Tecnologias;Inglês;D;0.41394397616386414;0.4037899374961853;0.6369057297706604;0.6173446178436279;0.6098721027374268;0.5466312170028687;0.3935698866844177;0.5984125733375549;0.5687103867530823;0.6244685053825378;;0.5413648933172226;0.6369057297706604;AD
5;Linguagens, Códigos e suas Tecnologias;Espanhol;D;0.3900924623012543;0.43659695982933044;0.5255020260810852;0.47355905175209045;0.5387558341026306;0.5457435846328735;0.38942277431488037;0.5013253688812256;0.402150958776474;0.5673558712005615;;0.4770504891872406;0.5673558712005615;DE
6;Linguagens, Códigos e suas Tecnologias;;C;0.4167587459087372;0.4623209536075592;0.5692523717880249;0.5314877033233643;0.4596482813358307;0.2816547453403473;0.5368057489395142;0.31218421459198;0.5462427735328674;0.4554617404937744;;0.45718172788619993;0.5692523717880249;AD
7;Linguagens, Códigos e suas Tecnologias;;E;0.4232760965824127;0.4673478901386261;0.4796622693538666;0.30084139108657837;0.5651180148124695;0.4197220504283905;0.35600602626800537;0.5284552574157715;0.3945392966270447;0.26027819514274597;;0.41952464878559115;0.5651180148124695;BC
8;Linguagens, Códigos e suas Tecnologias;;C;0.23920828104019165;0.45014822483062744;0.4737406373023987;0.3510686457157135;0.3214608430862427;0.4883967936038971;0.27777621150016785;0.35948970913887024;0.4222702980041504;0.35090816020965576;;0.3734467804431915;0.4883967936038971;BD
9;Linguagens, Códigos e suas Tecnologias;;E;0.3678296208381653;0.45053520798683167;0.35284698009490967;0.34579774737358093;0.25598305463790894;0.31321194767951965;0.17266607284545898;0.4896259903907776;0.21769042313098907;0.3302869200706482;;0.329647396504879;0.4896259903907776;CD
10;Linguagens, Códigos e suas Tecnologias;;D;0.5255215167999268;0.3984367847442627;0.46225613355636597;0.31651803851127625;0.28995978832244873;0.47562164068222046;0.5430218577384949;0.25526970624923706;0.34681177139282227;0.4076208472251892;;0.40210380852222444;0.5430218577384949;BE
11;Linguagens, Códigos e suas Tecnologias;;A;0.5025132298469543;0.43753987550735474;0.7178472280502319;0.38437527418136597;0.44580772519111633;0.5099015235900879;0.3889216184616089;0.4068087041378021;0.36342358589172363;0.3417942523956299;;0.44989330172538755;0.7178472280502319;AD
12;Linguagens, Códigos e suas Tecnologias;;E;0.43178126215934753;0.3076813519001007;0.4176555275917053;0.37809377908706665;0.3830394744873047;0.3788045644760132;0.3549917936325073;0.37301427125930786;0.29778268933296204;0.29654645919799805;;0.36193911731243134;0.43178126215934753;AB
13;Linguagens, Códigos e suas Tecnologias;;C;0.4873853623867035;0.5182788372039795;0.5316203832626343;0.39543595910072327;0.3966769576072693;0.36918529868125916;0.6067889332771301;0.2995128035545349;0.3774908185005188;0.2310863733291626;;0.42134617269039154;0.6067889332771301;BE
14;Linguagens, Códigos e suas Tecnologias;;A;0.35984277725219727;0.4767301380634308;0.4163563847541809;0.598691999912262;0.5113769769668579;0.49719566106796265;0.4087774157524109;0.5935638546943665;0.4829280376434326;0.47526031732559204;;0.48207235634326934;0.598691999912262;AE
15;Linguagens, Códigos e suas Tecnologias;;E;0.22698363661766052;0.3481152653694153;0.2836540639400482;0.07820755243301392;0.23913118243217468;0.46883895993232727;0.3526808023452759;0.28150033950805664;0.07428416609764099;0.25519514083862305;;0.26085911095142367;0.46883895993232727;BD
16;Linguagens, Códigos e suas Tecnologias;;B;0.39345166087150574;0.3675292432308197;0.46849721670150757;0.30351704359054565;0.641995906829834;0.4931958317756653;0.487637996673584;0.4728630781173706;0.5411542057991028;0.3571779727935791;;0.45270201563835144;0.641995906829834;BC
17;Linguagens, Códigos e suas Tecnologias;;C;0.38736608624458313;0.599769115447998;0.40704667568206787;0.4036850929260254;0.5151143074035645;0.4904893934726715;0.2537439167499542;0.4629143476486206;0.43676045536994934;0.29664769768714905;;0.42535370886325835;0.599769115447998;AC
18;Linguagens, Códigos e suas Tecnologias;;B;0.41996854543685913;0.24807938933372498;0.33680465817451477;0.33224374055862427;0.33152928948402405;0.4041098356246948;0.627264142036438;0.5478267669677734;0.2366398721933365;0.3598305583000183;;0.38442967981100085;0.627264142036438;BE
19;Linguagens, Códigos e suas Tecnologias;;E;0.21692779660224915;0.5105472803115845;0.26840150356292725;0.4418720006942749;0.3335499167442322;0.4644626975059509;0.49839624762535095;0.4832782745361328;0.43449875712394714;0.4318169057369232;;0.4083751380443573;0.5105472803115845;AC
20;Linguagens, Códigos e suas Tecnologias;;B;0.38417670130729675;0.46916934847831726;0.4031214416027069;0.21443727612495422;0.42831578850746155;0.3610309362411499;0.4095376431941986;0.545225977897644;0.20309197902679443;0.17592284083366394;;0.3594029933214188;0.545225977897644;CD
21;Linguagens, Códigos e suas Tecnologias;;C;0.37739235162734985;0.43589478731155396;0.4133877456188202;0.23581011593341827;0.5735918283462524;0.3567376732826233;0.27575457096099854;0.5733999013900757;0.2781403064727783;0.32631635665893555;;0.3846425637602806;0.5735918283462524;BC
22;Linguagens, Códigos e suas Tecnologias;;E;0.3764263987541199;0.49512800574302673;0.35231682658195496;0.4497404098510742;0.5446630716323853;0.5744335651397705;0.44502007961273193;0.37939876317977905;0.426277756690979;0.29297417402267456;;0.4336379051208496;0.5744335651397705;BD
23;Linguagens, Códigos e suas Tecnologias;;C;0.4101257026195526;0.33500611782073975;0.4494682550430298;0.6728870272636414;0.4692299962043762;0.4101857542991638;0.37088507413864136;0.2164868414402008;0.5189547538757324;0.2601584792137146;;0.4113388001918793;0.6728870272636414;AE
24;Linguagens, Códigos e suas Tecnologias;;B;0.43753811717033386;0.3197440803050995;0.43783867359161377;0.2706752121448517;0.6303331255912781;0.5591337084770203;0.3052148222923279;0.5061492919921875;0.26301002502441406;0.2639680504798889;;0.39936051070690154;0.6303331255912781;BC
25;Linguagens, Códigos e suas Tecnologias;;D;0.4578380584716797;0.45278576016426086;0.5494537949562073;0.28246212005615234;0.40289026498794556;0.3864476680755615;0.2533479928970337;0.43269896507263184;0.2297353297472;0.32179874181747437;;0.37694586962461474;0.5494537949562073;AD
26;Linguagens, Códigos e suas Tecnologias;;E;0.35047805309295654;0.18635675311088562;0.2961660623550415;0.24016264081001282;0.4089249074459076;0.28118371963500977;0.4073246717453003;0.3516976833343506;0.17192618548870087;0.23605316877365112;;0.29302738457918165;0.4089249074459076;BC
27;Linguagens, Códigos e suas Tecnologias;;B;0.5022298693656921;0.357036292552948;0.2978861629962921;0.4189354181289673;0.3964066505432129;0.541059136390686;0.48801979422569275;0.3848664462566376;0.24642160534858704;0.409417986869812;;0.4042279362678528;0.541059136390686;BD
28;Linguagens, Códigos e suas Tecnologias;;C;0.33786970376968384;0.2957885265350342;0.3499959111213684;0.20050065219402313;0.47068363428115845;0.5664077997207642;0.32395052909851074;0.5840956568717957;0.41174501180648804;0.4563298225402832;;0.399736724793911;0.5840956568717957;CD
29;Linguagens, Códigos e suas Tecnologias;;E;0.3989199995994568;0.23360875248908997;0.3117309808731079;0.42543452978134155;0.14467017352581024;0.34128421545028687;0.27905356884002686;0.09176836907863617;0.4129393398761749;0.2542506456375122;;0.2893660575151443;0.42543452978134155;AE
30;Linguagens, Códigos e suas Tecnologias;;D;0.29507118463516235;0.3490251898765564;0.4306778609752655;0.4907290041446686;0.48315414786338806;0.2991247773170471;0.3342744708061218;0.3132089376449585;0.3668854534626007;0.599066972732544;;0.3961217999458313;0.599066972732544;DE
31;Linguagens, Códigos e suas Tecnologias;;B;0.3256570100784302;0.10608230531215668;0.268993079662323;0.2784852385520935;0.3316524624824524;0.3634854853153229;0.6094986796379089;0.4208385944366455;0.5041574835777283;0.5438274145126343;;0.3752677753567696;0.6094986796379089;BE
32;Linguagens, Códigos e suas Tecnologias;;A;0.5352674722671509;0.4449368715286255;0.5410822629928589;0.6111387014389038;0.6037062406539917;0.5816723108291626;0.6286571621894836;0.48129791021347046;0.5846657752990723;0.4904717803001404;;0.550289648771286;0.6286571621894836;BE
33;Linguagens, Códigos e suas Tecnologias;;B;0.25900352001190186;0.2154546082019806;0.12111397832632065;0.26354801654815674;0.30473363399505615;0.3065866231918335;0.37231242656707764;0.20689702033996582;0.5448794364929199;0.23782524466514587;;0.2832354508340359;0.5448794364929199;CE
34;Linguagens, Códigos e suas Tecnologias;;A;0.3380207419395447;0.25328031182289124;0.2877875864505768;0.39497387409210205;0.3759053945541382;0.2971637547016144;0.23307526111602783;0.2868903577327728;0.2970050871372223;0.5385176539421082;;0.33026200234889985;0.5385176539421082;DE
35;Linguagens, Códigos e suas Tecnologias;;B;0.5228540301322937;0.2880707383155823;0.3198574483394623;0.4163791537284851;0.3844520151615143;0.36169105768203735;0.49827468395233154;0.37745678424835205;0.4630454480648041;0.27571144700050354;;0.39077928066253664;0.5228540301322937;AB
36;Linguagens, Códigos e suas Tecnologias;;C;0.5767825841903687;0.42035096883773804;0.5576742887496948;0.39708271622657776;0.3594813346862793;0.4544740915298462;0.30688923597335815;0.38515788316726685;0.45859548449516296;0.34886300563812256;;0.42653515934944153;0.5767825841903687;AB
37;Linguagens, Códigos e suas Tecnologias;;D;0.4790762662887573;0.4311647117137909;0.21535775065422058;0.3033621609210968;0.5257301926612854;0.4408816695213318;0.44116446375846863;0.25852134823799133;0.4586836099624634;0.2770054042339325;;0.38309475779533386;0.5257301926612854;BC
38;Linguagens, Códigos e suas Tecnologias;;D;0.39821964502334595;0.42963528633117676;0.36887842416763306;0.5500298738479614;0.3109017610549927;0.2994288206100464;0.39957714080810547;0.27778637409210205;0.38286930322647095;0.3291548788547516;;0.37464815080165864;0.5500298738479614;AE
39;Linguagens, Códigos e suas Tecnologias;;C;0.3314860463142395;0.7623608112335205;0.37439289689064026;0.39846348762512207;0.4530262351036072;0.5255758762359619;0.4913608431816101;0.37140023708343506;0.4488639831542969;0.5495373010635376;;0.4706467717885971;0.7623608112335205;AC
40;Linguagens, Códigos e suas Tecnologias;;C;0.5181373953819275;0.6027499437332153;0.5197345614433289;0.5164247751235962;0.7391009330749512;0.5121264457702637;0.4367014169692993;0.49847960472106934;0.4541090130805969;0.23221845924854279;;0.5029782548546791;0.7391009330749512;BC
41;Linguagens, Códigos e suas Tecnologias;;C;0.4613702893257141;0.2829391360282898;0.43642890453338623;0.2655976414680481;0.14400359988212585;0.5060766935348511;0.31116002798080444;0.1548442542552948;0.10997563600540161;0.2369728684425354;;0.29093690514564513;0.5060766935348511;BD
42;Linguagens, Códigos e suas Tecnologias;;A;0.6516528725624084;0.6353987455368042;0.46381130814552307;0.5195389986038208;0.5435959100723267;0.40067994594573975;0.548152506351471;0.3824896812438965;0.47039270401000977;0.46765270829200745;;0.5083365380764008;0.6516528725624084;AB
43;Linguagens, Códigos e suas Tecnologias;;B;0.4039818346500397;0.3604637682437897;0.08824041485786438;0.604562520980835;0.3510357439517975;0.24706754088401794;0.4629496932029724;0.2748202681541443;0.3391317129135132;0.1355234533548355;;0.32677769511938093;0.604562520980835;AE
44;Linguagens, Códigos e suas Tecnologias;;B;0.48990315198898315;0.5643200278282166;0.5203461050987244;0.5797808170318604;0.4963282346725464;0.39387476444244385;0.357401967048645;0.6105350852012634;0.5186533331871033;0.5046216249465942;;0.5035765111446381;0.6105350852012634;CD
45;Linguagens, Códigos e suas Tecnologias;;C;0.3724440336227417;0.5538941025733948;0.3402041494846344;0.41251683235168457;0.3131505250930786;0.4364452064037323;0.533707857131958;0.43586552143096924;0.31894612312316895;0.35108351707458496;;0.40682578682899473;0.5538941025733948;AC
46;Ciências Humanas e suas Tecnologias;;C;0.12897589802742004;0.20487035810947418;0.4144079089164734;0.3176040053367615;0.14494597911834717;0.19732913374900818;0.24834144115447998;0.17069049179553986;0.4074997305870056;0.2336067259311676;;0.24682716727256776;0.4144079089164734;AD
47;Ciências Humanas e suas Tecnologias;;A;0.4175885319709778;0.3337041437625885;0.457376629114151;0.36701375246047974;0.24858984351158142;0.39245879650115967;0.3466283679008484;0.2762206196784973;0.243191659450531;0.6328867673873901;;0.3715659111738205;0.6328867673873901;DE
48;Ciências Humanas e suas Tecnologias;;D;0.20168915390968323;0.5321229696273804;0.4129498302936554;0.3283870220184326;0.2090010792016983;0.3844607472419739;0.34544599056243896;0.39725643396377563;0.34918534755706787;0.3881549835205078;;0.3548653557896614;0.5321229696273804;AC
49;Ciências Humanas e suas Tecnologias;;E;0.2644695043563843;0.24975723028182983;0.3274018168449402;0.26728323101997375;0.3761427402496338;0.33156952261924744;0.3802882432937622;0.4210328757762909;0.41370823979377747;0.6209292411804199;;0.36525826454162597;0.6209292411804199;DE
50;Ciências Humanas e suas Tecnologias;;D;0.5985156297683716;0.41324448585510254;0.5047734975814819;0.6025128364562988;0.33878764510154724;0.441120982170105;0.4738219380378723;0.43764781951904297;0.5017493367195129;0.5628848671913147;;0.487505903840065;0.6025128364562988;AE
51;Ciências Humanas e suas Tecnologias;;E;0.4683510363101959;0.5206180810928345;0.612220048904419;0.2867220640182495;0.5029157400131226;0.36293452978134155;0.31183159351348877;0.6021134853363037;0.3194940388202667;0.26144737005233765;;0.424864798784256;0.612220048904419;AD
52;Ciências Humanas e suas Tecnologias;;A;0.16343781352043152;0.42419832944869995;0.4003499150276184;0.41385215520858765;0.30546092987060547;0.5927228331565857;0.3952209949493408;0.36186736822128296;0.5953536629676819;0.41949325799942017;;0.4071957260370255;0.5953536629676819;CE
53;Ciências Humanas e suas Tecnologias;;D;0.45155662298202515;0.27262282371520996;0.26993125677108765;0.4224216639995575;0.343167781829834;0.34312090277671814;0.40239980816841125;0.34904468059539795;0.4631405174732208;0.525672197341919;;0.38430782556533816;0.525672197341919;DE
54;Ciências Humanas e suas Tecnologias;;B;0.19540245831012726;0.25419116020202637;0.26691293716430664;0.25988897681236267;0.3367213010787964;0.22265835106372833;0.4180798828601837;0.20723186433315277;0.27666574716567993;0.19106195867061615;;0.262881463766098;0.4180798828601837;BE
55;Ciências Humanas e suas Tecnologias;;D;0.2346019595861435;0.439577579498291;0.11278040707111359;0.35698533058166504;0.2301570475101471;0.2938815951347351;0.2903178334236145;0.14888468384742737;0.23426684737205505;0.2234184592962265;;0.25648717433214185;0.439577579498291;AC
56;Ciências Humanas e suas Tecnologias;;E;0.7520207762718201;0.8318596482276917;0.7996987104415894;0.7995065450668335;0.6565840244293213;0.6665129661560059;0.7650531530380249;0.7182084918022156;0.7187553644180298;0.7540292739868164;;0.7462228953838348;0.8318596482276917;AC
57;Ciências Humanas e suas Tecnologias;;C;0.18363197147846222;0.2863750159740448;0.2882923483848572;0.26917505264282227;0.3577956259250641;0.3220486044883728;0.30785202980041504;0.42506834864616394;0.5361900925636292;0.5184003710746765;;0.3494829460978508;0.5361900925636292;CE
58;Ciências Humanas e suas Tecnologias;;E;0.4541049599647522;0.3774034380912781;0.43871068954467773;0.5185014009475708;0.21518146991729736;0.4802643954753876;0.5098955035209656;0.35045793652534485;0.30121999979019165;0.4419739842414856;;0.40877137780189515;0.5185014009475708;AE
59;Ciências Humanas e suas Tecnologias;;E;0.4363247752189636;0.2573201656341553;0.23403826355934143;0.3315608501434326;0.4817540645599365;0.29540544748306274;0.38159769773483276;0.36835747957229614;0.3442156910896301;0.3755471110343933;;0.35061215460300443;0.4817540645599365;BC
60;Ciências Humanas e suas Tecnologias;;D;0.3666101396083832;0.3085969090461731;0.5100719928741455;0.45829564332962036;0.5686663389205933;0.48211225867271423;0.5770338773727417;0.2625129222869873;0.40172314643859863;0.47284823656082153;;0.44084714651107787;0.5770338773727417;BE
61;Ciências Humanas e suas Tecnologias;;C;0.38661646842956543;0.31031060218811035;0.5764433145523071;0.5684145092964172;0.3488127589225769;0.4264916181564331;0.2583833336830139;0.36578476428985596;0.35554778575897217;0.5245147943496704;;0.41213199496269226;0.5764433145523071;AD
62;Ciências Humanas e suas Tecnologias;;C;0.36504673957824707;0.21986767649650574;0.19621118903160095;0.27164730429649353;0.45576566457748413;0.23644784092903137;0.40707236528396606;0.33513474464416504;0.525527834892273;0.22748509049415588;;0.32402064502239225;0.525527834892273;CE
63;Ciências Humanas e suas Tecnologias;;D;0.18312333524227142;0.1464402824640274;0.2783955931663513;0.35270360112190247;0.394509494304657;0.3006196618080139;0.1555575430393219;0.18203812837600708;0.1291993260383606;0.2170964777469635;;0.23396834433078767;0.394509494304657;BC
64;Ciências Humanas e suas Tecnologias;;D;0.5106465220451355;0.3708995580673218;0.33960163593292236;0.4968399405479431;0.4742344617843628;0.3872759938240051;0.49258488416671753;0.4473584294319153;0.4375761151313782;0.42930227518081665;;0.43863198161125183;0.5106465220451355;AB
65;Ciências Humanas e suas Tecnologias;;E;0.2633650302886963;0.49097365140914917;0.3683253526687622;0.4681761860847473;0.34160900115966797;0.09477908909320831;0.23045271635055542;0.2312094122171402;0.5745706558227539;0.3145962357521057;;0.33780573308467865;0.5745706558227539;CE
66;Ciências Humanas e suas Tecnologias;;D;0.2714998722076416;0.20024512708187103;0.2295912802219391;0.2561022639274597;0.30095481872558594;0.379290908575058;0.5308569669723511;0.18685218691825867;0.38573962450027466;0.21022433042526245;;0.29513573795557024;0.5308569669723511;BE
67;Ciências Humanas e suas Tecnologias;;C;0.4633708894252777;0.308877557516098;0.5525403022766113;0.34270864725112915;0.4502207636833191;0.646564781665802;0.44791266322135925;0.5242894887924194;0.5426899194717407;0.4518897831439972;;0.47310647964477537;0.646564781665802;BD
68;Ciências Humanas e suas Tecnologias;;B;0.3825698494911194;0.5252366662025452;0.34305256605148315;0.3583066463470459;0.4837855100631714;0.5359368324279785;0.6202356815338135;0.4272637367248535;0.4316745698451996;0.38182786107063293;;0.4489889919757843;0.6202356815338135;BE
69;Ciências Humanas e suas Tecnologias;;C;0.39636266231536865;0.5027143359184265;0.32287493348121643;0.5038446187973022;0.4577648639678955;0.4119283854961395;0.30773600935935974;0.5744730830192566;0.444344162940979;0.6125913262367249;;0.4534634381532669;0.6125913262367249;DE
70;Ciências Humanas e suas Tecnologias;;E;0.42556852102279663;0.36220884323120117;0.32480213046073914;0.2961653470993042;0.5307502746582031;0.40814894437789917;0.3398524522781372;0.3203606903553009;0.403285413980484;0.35782575607299805;;0.3768968373537064;0.5307502746582031;BC
71;Ciências Humanas e suas Tecnologias;;A;0.5467733144760132;0.27687862515449524;0.5227775573730469;0.4017627239227295;0.36410263180732727;0.351906955242157;0.45430493354797363;0.4076973795890808;0.4974827170372009;0.3581865429878235;;0.4181873381137848;0.5467733144760132;AB
72;Ciências Humanas e suas Tecnologias;;B;0.19582325220108032;0.5531495809555054;0.3330345153808594;0.2722383737564087;0.29425862431526184;0.22010746598243713;0.49846118688583374;0.49531009793281555;0.39182913303375244;0.42517542839050293;;0.36793876588344576;0.5531495809555054;AC
73;Ciências Humanas e suas Tecnologias;;B;0.3152644634246826;0.4951503276824951;0.5062943696975708;0.3555876612663269;0.566191554069519;0.1820754110813141;0.5351266860961914;0.2169899046421051;0.555210292339325;0.14070279896259308;;0.3868593469262123;0.566191554069519;BC
74;Ciências Humanas e suas Tecnologias;;A;0.38816970586776733;0.4387113153934479;0.231434166431427;0.29938697814941406;0.5348698496818542;0.33837059140205383;0.4538346230983734;0.36704355478286743;0.4134906530380249;0.28238844871520996;;0.374769988656044;0.5348698496818542;BC
75;Ciências Humanas e suas Tecnologias;;C;0.3162529170513153;0.2978396713733673;0.22225502133369446;0.24743019044399261;0.36366063356399536;0.3559796214103699;0.2821008563041687;0.3413691520690918;0.44802990555763245;0.33675408363342285;;0.3211672052741051;0.44802990555763245;CE
76;Ciências Humanas e suas Tecnologias;;A;0.27144521474838257;0.32039862871170044;0.30348438024520874;0.5180821418762207;0.2764684855937958;0.4052673280239105;0.332278847694397;0.3353781998157501;0.2185451090335846;0.19185243546962738;;0.31732007712125776;0.5180821418762207;AE
77;Ciências Humanas e suas Tecnologias;;B;0.3608957529067993;0.31422877311706543;0.324505090713501;0.31013187766075134;0.5268522500991821;0.4076903462409973;0.42358189821243286;0.2827335298061371;0.22678618133068085;0.2527894973754883;;0.34301951974630357;0.5268522500991821;BC
78;Ciências Humanas e suas Tecnologias;;A;0.39995259046554565;0.3837990164756775;0.4407031834125519;0.3861483931541443;0.5680378675460815;0.6773023009300232;0.5140360593795776;0.6175011992454529;0.37873151898384094;0.509757399559021;;0.4875969529151917;0.6773023009300232;BD
79;Ciências Humanas e suas Tecnologias;;C;0.4247412085533142;0.3707767426967621;0.2839897871017456;0.3183715045452118;0.6156449317932129;0.33701586723327637;0.37086525559425354;0.4715374708175659;0.32143914699554443;0.32663655281066895;;0.3841018468141556;0.6156449317932129;BC
80;Ciências Humanas e suas Tecnologias;;E;0.348451167345047;0.5087815523147583;0.3950221538543701;0.3803800940513611;0.3965955376625061;0.6947987079620361;0.2852987051010132;0.5299741625785828;0.38306954503059387;0.2917904257774353;;0.4214162051677704;0.6947987079620361;BD
81;Ciências Humanas e suas Tecnologias;;E;0.37361469864845276;0.4611476957798004;0.47667163610458374;0.4032682478427887;0.23009459674358368;0.33013778924942017;0.22751756012439728;0.5193497538566589;0.5512431859970093;0.649975061416626;;0.4223020225763321;0.649975061416626;DE
82;Ciências Humanas e suas Tecnologias;;D;0.4891268014907837;0.299310564994812;0.3662475049495697;0.5083658695220947;0.49477729201316833;0.6141731142997742;0.47527047991752625;0.406529039144516;0.5576295852661133;0.31659364700317383;;0.4528023898601532;0.6141731142997742;BD
83;Ciências Humanas e suas Tecnologias;;D;0.23054064810276031;0.33179253339767456;0.23945334553718567;0.23377269506454468;0.22049875557422638;0.32933133840560913;0.2474798858165741;0.2730352282524109;0.18023866415023804;0.2125566005706787;;0.24986996948719026;0.33179253339767456;AC
84;Ciências Humanas e suas Tecnologias;;B;0.3998570442199707;0.37149637937545776;0.41589516401290894;0.5235551595687866;0.5144914388656616;0.30105674266815186;0.540598452091217;0.5890688896179199;0.4827089309692383;0.47990232706069946;;0.46186305284500123;0.5890688896179199;CD
85;Ciências Humanas e suas Tecnologias;;B;0.3480609953403473;0.49929821491241455;0.4839490056037903;0.38475126028060913;0.30508801341056824;0.3576922118663788;0.368986040353775;0.4321397840976715;0.371387243270874;0.4558255076408386;;0.40071782767772673;0.49929821491241455;AC
86;Ciências Humanas e suas Tecnologias;;A;0.3035147786140442;0.03379618749022484;0.3158251643180847;0.2007167935371399;0.040814269334077835;0.27350181341171265;0.4423635005950928;0.1898506134748459;0.07559376955032349;0.10196086764335632;;0.19779377579689025;0.4423635005950928;BE
87;Ciências Humanas e suas Tecnologias;;D;0.29731249809265137;0.48524796962738037;0.22934168577194214;0.4205150008201599;0.4329613447189331;0.30165696144104004;0.4882640242576599;0.5836751461029053;0.6001218557357788;0.4102904200553894;;0.42493869066238404;0.6001218557357788;CE
88;Ciências Humanas e suas Tecnologias;;D;0.5069513320922852;0.2528584599494934;0.3048884868621826;0.3125862777233124;0.35662001371383667;0.43095386028289795;0.3250542879104614;0.48050639033317566;0.23901169002056122;0.38745853304862976;;0.3596889331936836;0.5069513320922852;AB
89;Ciências Humanas e suas Tecnologias;;B;0.5625237822532654;0.4980347752571106;0.578458309173584;0.44679760932922363;0.7126561403274536;0.6562243700027466;0.6140560507774353;0.5701448321342468;0.5022174119949341;0.47744399309158325;;0.5618557274341583;0.7126561403274536;BC
90;Ciências Humanas e suas Tecnologias;;B;0.259855180978775;0.5766870975494385;0.38608676195144653;0.6459999084472656;0.1708458662033081;0.25704336166381836;0.1619776338338852;0.2199230045080185;0.5053380131721497;0.2581402659416199;;0.3441897094249725;0.6459999084472656;AE
91;Ciências da Natureza e suas Tecnologias;;C;0.5600441694259644;0.29922544956207275;0.3692677617073059;0.3980884253978729;0.4360209107398987;0.46476924419403076;0.548032283782959;0.41788721084594727;0.40212544798851013;0.5164435505867004;;0.44119044542312624;0.5600441694259644;AB
92;Ciências da Natureza e suas Tecnologias;;B;0.20930975675582886;0.3658730983734131;0.22040419280529022;0.3059801459312439;0.31038898229599;0.2893065810203552;0.3092413544654846;0.5544066429138184;0.28674376010894775;0.29813095927238464;;0.31497854739427567;0.5544066429138184;CD
93;Ciências da Natureza e suas Tecnologias;;D;0.7249659299850464;0.3152231276035309;0.5322627425193787;0.40435129404067993;0.4242681860923767;0.5691196918487549;0.5141751766204834;0.5772792100906372;0.6036664843559265;0.6115031242370605;;0.5276814967393875;0.7249659299850464;AB
94;Ciências da Natureza e suas Tecnologias;;D;0.5561279058456421;0.3172088861465454;0.5499417185783386;0.25951099395751953;0.5128718614578247;0.6078128218650818;0.41874051094055176;0.4193613529205322;0.3402954936027527;0.37989434599876404;;0.43617658913135526;0.6078128218650818;BD
95;Ciências da Natureza e suas Tecnologias;;C;0.3205714523792267;0.4343559741973877;0.4314388036727905;0.36353468894958496;0.40265947580337524;0.3018490672111511;0.6339986324310303;0.4605308175086975;0.5053634643554688;0.3529170751571655;;0.42072194516658784;0.6339986324310303;BE
96;Ciências da Natureza e suas Tecnologias;;D;0.6638129949569702;0.2965644598007202;0.4266875386238098;0.3829653859138489;0.2640690505504608;0.34101197123527527;0.3151930868625641;0.4340112805366516;0.41159623861312866;0.5397546291351318;;0.40756666362285615;0.6638129949569702;AB
97;Ciências da Natureza e suas Tecnologias;;A;0.7148535251617432;0.6011075973510742;0.5840581655502319;0.644866406917572;0.8783086538314819;0.688325047492981;0.6619561910629272;0.730675458908081;0.7673977017402649;0.9146007299423218;;0.7186149477958679;0.9146007299423218;DE
98;Ciências da Natureza e suas Tecnologias;;E;0.535394549369812;0.37640637159347534;0.6023130416870117;0.5214600563049316;0.4388217031955719;0.5065021514892578;0.5161547064781189;0.5769940614700317;0.5352314114570618;0.6470373868942261;;0.5256315439939498;0.6470373868942261;DE
99;Ciências da Natureza e suas Tecnologias;;A;0.749241828918457;0.5422917604446411;0.7540881633758545;0.5252739191055298;0.6009610891342163;0.6901463270187378;0.48591798543930054;0.571681022644043;0.38930198550224304;0.5256577134132385;;0.5834561794996261;0.7540881633758545;AD
100;Ciências da Natureza e suas Tecnologias;;A;0.5981217622756958;0.5674723386764526;0.40113580226898193;0.38416528701782227;0.6856604814529419;0.3494512438774109;0.28129929304122925;0.4032074213027954;0.34226134419441223;0.5202979445457458;;0.4533072918653488;0.6856604814529419;BC
101;Ciências da Natureza e suas Tecnologias;;A;;;;;;;;;;;True;;;
102;Ciências da Natureza e suas Tecnologias;;E;;;;;;;;;;;True;;;
103;Ciências da Natureza e suas Tecnologias;;C;;;;;;;;;;;True;;;
104;Ciências da Natureza e suas Tecnologias;;B;0.8164054155349731;0.6882261037826538;0.6767820119857788;0.7184593677520752;0.8098903298377991;0.7106198072433472;0.656161367893219;0.8396371006965637;0.7133528590202332;0.8424397110939026;;0.7471974074840546;0.8424397110939026;DE
105;Ciências da Natureza e suas Tecnologias;;B;0.6340715885162354;0.5172562599182129;0.6193933486938477;0.7795072793960571;0.5131545662879944;0.828366756439209;0.5474728345870972;0.48662352561950684;0.4601128101348877;0.569277286529541;;0.5955236256122589;0.828366756439209;BD
106;Ciências da Natureza e suas Tecnologias;;C;0.9168297052383423;0.6760302782058716;0.6543056964874268;0.4827229976654053;0.5813242197036743;0.5682653188705444;0.49611419439315796;0.9548725485801697;0.7602440118789673;0.8112835884094238;;0.6901992559432983;0.9548725485801697;CD
107;Ciências da Natureza e suas Tecnologias;;E;0.38551148772239685;0.305869460105896;0.3292044401168823;0.5868175029754639;0.5664145946502686;0.6129310727119446;0.5245148539543152;0.29865461587905884;0.44216394424438477;0.3165176212787628;;0.4368599593639374;0.6129310727119446;BD
108;Ciências da Natureza e suas Tecnologias;;A;0.9122467041015625;0.8659552335739136;0.9023014307022095;0.8680797815322876;0.8423046469688416;0.8374868631362915;0.8038437962532043;0.7964774370193481;0.7753328084945679;0.8997036218643188;;0.8503732323646546;0.9122467041015625;AB
109;Ciências da Natureza e suas Tecnologias;;E;0.49135446548461914;0.5473055839538574;0.7524402141571045;0.5022549629211426;0.5595199465751648;0.5030964612960815;0.5455088019371033;0.5270563960075378;0.634061336517334;0.5460982918739319;;0.5608696460723877;0.7524402141571045;AD
110;Ciências da Natureza e suas Tecnologias;;E;0.787095308303833;0.7051699161529541;0.6538113951683044;0.687549889087677;0.7643280029296875;0.7800076007843018;0.7504218816757202;0.7951188683509827;0.8045346736907959;0.8364112377166748;;0.7564448773860931;0.8364112377166748;DE
111;Ciências da Natureza e suas Tecnologias;;B;0.35796988010406494;0.31194037199020386;0.2955869138240814;0.3388158679008484;0.4435529410839081;0.3146957457065582;0.39923685789108276;0.4704468250274658;0.4473831057548523;0.3464858829975128;;0.37261143922805784;0.4704468250274658;CD
112;Ciências da Natureza e suas Tecnologias;;D;0.2279646098613739;0.2832239866256714;0.3513895273208618;0.6074337959289551;0.43012624979019165;0.2762700915336609;0.34815526008605957;0.247077077627182;0.3043283224105835;0.3949548304080963;;0.3470923751592636;0.6074337959289551;AE
113;Ciências da Natureza e suas Tecnologias;;E;;;;;;;;;;;True;;;
114;Ciências da Natureza e suas Tecnologias;;E;0.7031238079071045;0.7159945964813232;0.7326806783676147;0.6824747920036316;0.7340262532234192;0.7218437790870667;0.749858021736145;0.8817439675331116;0.7561219930648804;0.7839272618293762;;0.7461795151233673;0.8817439675331116;CD
115;Ciências da Natureza e suas Tecnologias;;B;0.7168099880218506;0.7731113433837891;0.7415591478347778;0.7163782715797424;0.8143854141235352;0.7598206996917725;0.6739411354064941;0.835442304611206;0.6889052987098694;0.789089024066925;;0.7509442627429962;0.835442304611206;CD
116;Ciências da Natureza e suas Tecnologias;;A;0.44317710399627686;0.41750839352607727;0.4800000786781311;0.2584482431411743;0.49453336000442505;0.8756595253944397;0.45441943407058716;0.5293466448783875;0.41140130162239075;0.3928883671760559;;0.47573824524879454;0.8756595253944397;BD
117;Ciências da Natureza e suas Tecnologias;;B;0.9356600046157837;0.6899062395095825;0.6596912741661072;0.4987384080886841;0.7343787550926208;0.6960723996162415;0.5199986696243286;0.5757919549942017;0.4201420843601227;0.6755731105804443;;0.6405952900648118;0.9356600046157837;AB
118;Ciências da Natureza e suas Tecnologias;;B;0.7911108732223511;0.8456617593765259;0.7440806031227112;0.7126854062080383;0.7205427885055542;0.7783843278884888;0.829883337020874;0.8259918689727783;0.7988294363021851;0.8074515461921692;;0.7854621946811676;0.8456617593765259;AC
119;Ciências da Natureza e suas Tecnologias;;B;0.39614227414131165;0.27094727754592896;0.412373811006546;0.38764476776123047;0.32644668221473694;0.5014623999595642;0.46351122856140137;0.4333488941192627;0.39454326033592224;0.5719881057739258;;0.415840870141983;0.5719881057739258;DE
120;Ciências da Natureza e suas Tecnologias;;D;0.5968584418296814;0.6363458633422852;0.7138658761978149;0.5625184774398804;0.6052742004394531;0.637291669845581;0.5438791513442993;0.7193601727485657;0.6828905344009399;0.6253517866134644;;0.6323636174201965;0.7193601727485657;CD
121;Ciências da Natureza e suas Tecnologias;;Anulado;0.5012341737747192;0.3525160551071167;0.26155930757522583;0.2605535387992859;0.3898560404777527;0.42305630445480347;0.315065860748291;0.38189268112182617;0.47652751207351685;0.36023133993148804;;0.37224928140640257;0.5012341737747192;AB
122;Ciências da Natureza e suas Tecnologias;;C;0.5018660426139832;0.6491168141365051;0.4135749936103821;0.27404338121414185;0.5681100487709045;0.39889270067214966;0.27382779121398926;0.45641350746154785;0.2992936968803406;0.42972898483276367;;0.42648679614067075;0.6491168141365051;AC
123;Ciências da Natureza e suas Tecnologias;;D;0.5651395320892334;0.7075064778327942;0.7454580068588257;0.3711470365524292;0.5261965394020081;0.4967587888240814;0.40461599826812744;0.8282687664031982;0.5598883628845215;0.5133275985717773;;0.5718307107686996;0.8282687664031982;CD
124;Ciências da Natureza e suas Tecnologias;;C;0.8057712316513062;0.7695122957229614;0.8067612648010254;0.6296722292900085;0.8401458859443665;0.63506019115448;0.7080079317092896;0.6836684346199036;0.777378261089325;0.5686216354370117;;0.7224599361419678;0.8401458859443665;BC
125;Ciências da Natureza e suas Tecnologias;;B;;;;;;;;;;;True;;;
126;Ciências da Natureza e suas Tecnologias;;B;0.6817014217376709;0.7585115432739258;0.763607919216156;0.6237647533416748;0.6134852766990662;0.7853648662567139;0.7220708131790161;0.6676825284957886;0.740077793598175;0.7930501699447632;;0.714931708574295;0.7930501699447632;DE
127;Ciências da Natureza e suas Tecnologias;;B;0.7740982174873352;0.7359172105789185;0.722097635269165;0.7555117011070251;0.7824604511260986;0.6919446587562561;0.678723931312561;0.7680767774581909;0.8079147934913635;0.8925333619117737;;0.7609278738498688;0.8925333619117737;DE
128;Ciências da Natureza e suas Tecnologias;;D;0.9277166128158569;0.7250967025756836;0.681354284286499;0.6680400371551514;0.7935993671417236;0.7461411952972412;0.7432878613471985;0.7162848711013794;0.7048361301422119;0.9450836181640625;;0.7651440680027009;0.9450836181640625;DE
129;Ciências da Natureza e suas Tecnologias;;C;;;;;;;;;;;True;;;
130;Ciências da Natureza e suas Tecnologias;;D;0.844780683517456;0.8594869375228882;0.820000171661377;0.7638822793960571;0.8778805732727051;0.7623899579048157;0.6871152520179749;0.8628783226013184;0.8211832642555237;0.8515210151672363;;0.8151118457317352;0.8778805732727051;BC
131;Ciências da Natureza e suas Tecnologias;;D;0.3838311433792114;0.4883059859275818;0.4284723401069641;0.36996957659721375;0.32256007194519043;0.5072885155677795;0.522219181060791;0.3207949995994568;0.29217711091041565;0.5386490821838379;;0.4174268007278442;0.5386490821838379;DE
132;Ciências da Natureza e suas Tecnologias;;D;0.34140172600746155;0.39392220973968506;0.3621940016746521;0.39493420720100403;0.2832867503166199;0.35588300228118896;0.36831867694854736;0.5307824015617371;0.38510408997535706;0.39795300364494324;;0.38137800693511964;0.5307824015617371;CD
133;Ciências da Natureza e suas Tecnologias;;D;0.7528530359268188;0.703500509262085;0.6847293376922607;0.5835253596305847;0.7735992670059204;0.799813985824585;0.8161596059799194;0.9859570264816284;0.9384642839431763;0.956402599811554;;0.7995005011558532;0.9859570264816284;CD
134;Ciências da Natureza e suas Tecnologias;;C;0.39414238929748535;0.44420239329338074;0.3994636833667755;0.3756480813026428;0.23693473637104034;0.3764542043209076;0.4108986556529999;0.4649566113948822;0.3069453239440918;0.4360615909099579;;0.3845707669854164;0.4649566113948822;CD
135;Ciências da Natureza e suas Tecnologias;;D;0.8396371006965637;0.7106198072433472;0.6767820119857788;0.6150317788124084;0.8098903298377991;0.6882261037826538;0.605839192867279;0.8164054155349731;0.6994081139564514;0.8131848573684692;;0.7275024712085724;0.8396371006965637;AB
136;Matemática e suas Tecnologias;;C;0.6305135488510132;0.5585454702377319;0.4297972321510315;0.4098191261291504;0.5847130417823792;0.4272593855857849;0.4076075851917267;0.6021064519882202;0.5287322998046875;0.7053553462028503;;0.5284449487924576;0.7053553462028503;DE
137;Matemática e suas Tecnologias;;C;0.8462121486663818;0.7828007936477661;0.4382014870643616;0.5815755128860474;0.7246004343032837;0.3832119405269623;0.4714897871017456;0.5174960494041443;0.7462120056152344;0.6281882524490356;;0.6119988411664963;0.8462121486663818;AB
138;Matemática e suas Tecnologias;;C;0.8516666293144226;0.8197081685066223;0.8233135938644409;0.7971677780151367;0.8969369530677795;0.8943578600883484;0.8789932727813721;0.8834507465362549;0.8668795824050903;0.9150434136390686;;0.8627517998218537;0.9150434136390686;DE
139;Matemática e suas Tecnologias;;C;0.6888324618339539;0.6491472721099854;0.6348466873168945;0.582987368106842;0.7674219012260437;0.7567518949508667;0.6961441040039062;0.7813471555709839;0.6609652042388916;0.6709473133087158;;0.6889391362667083;0.7813471555709839;CD
140;Matemática e suas Tecnologias;;A;0.5495723485946655;0.5417861342430115;0.545770525932312;0.49913930892944336;0.4542497992515564;0.5190451145172119;0.5252304673194885;0.8152284622192383;0.6344966292381287;0.7204021215438843;;0.580492091178894;0.8152284622192383;CD
141;Matemática e suas Tecnologias;;D;0.7173300385475159;0.6213984489440918;0.5842980146408081;0.5633465051651001;0.6528109312057495;0.6121937036514282;0.5940592288970947;0.5801704525947571;0.5849806070327759;0.8396371006965637;;0.6350225031375885;0.8396371006965637;DE
142;Matemática e suas Tecnologias;;D;0.4673980474472046;0.47100675106048584;0.6570398807525635;0.4370325803756714;0.8723727464675903;0.5396263599395752;0.7143568992614746;0.5581048727035522;0.70815509557724;0.7320811152458191;;0.6157174348831177;0.8723727464675903;BC
143;Matemática e suas Tecnologias;;B;0.7871458530426025;0.8040230870246887;0.6999995708465576;0.6222437620162964;0.8871142268180847;0.6690565943717957;0.7614345550537109;0.7131047248840332;0.6738831996917725;0.8056904077529907;;0.7423695981502533;0.8871142268180847;BC
144;Matemática e suas Tecnologias;;E;;;;;;;;;;;True;;;
145;Matemática e suas Tecnologias;;D;0.7001142501831055;0.7619881629943848;0.9241611957550049;0.7047037482261658;0.8231725692749023;0.7130194306373596;0.7068480253219604;0.8538169264793396;0.6798067092895508;0.7728104591369629;;0.7640441477298736;0.9241611957550049;AD
146;Matemática e suas Tecnologias;;B;0.5869981646537781;0.5769821405410767;0.5477474927902222;0.5744743347167969;0.6494704484939575;0.6118700504302979;0.5405539274215698;0.6101727485656738;0.5963937640190125;0.5943220853805542;;0.5888985157012939;0.6494704484939575;BC
147;Matemática e suas Tecnologias;;B;0.7158362865447998;0.9683787822723389;0.6611878871917725;0.6753808259963989;0.6739397644996643;0.9477992057800293;0.9518314599990845;0.6245730519294739;0.6710641384124756;0.9644888043403625;;0.78544802069664;0.9683787822723389;AC
148;Matemática e suas Tecnologias;;C;0.6125532984733582;0.4125669598579407;0.4247077703475952;0.4569677710533142;0.3754674792289734;0.7741382122039795;0.593608558177948;0.39761069416999817;0.3681844472885132;0.7465943098068237;;0.5162399500608444;0.7741382122039795;BD
149;Matemática e suas Tecnologias;;C;0.7011998295783997;0.6364908814430237;0.7640892267227173;0.4259871244430542;0.6012146472930908;0.6697617769241333;0.466827929019928;0.6875985264778137;0.5927858352661133;0.43472856283187866;;0.5980684340000153;0.7640892267227173;AD
150;Matemática e suas Tecnologias;;C;0.5703414678573608;0.5263921022415161;0.5082157254219055;0.5582371950149536;0.6226794719696045;0.5037617683410645;0.4970822334289551;0.6687619686126709;0.5392215251922607;0.6965698599815369;;0.5691263318061829;0.6965698599815369;DE
151;Matemática e suas Tecnologias;;D;0.5943220853805542;0.5334035158157349;0.4945944845676422;0.47598710656166077;0.6292690634727478;0.5074669122695923;0.5105363726615906;0.6005990505218506;0.5718934535980225;0.6809019446372986;;0.5598973989486694;0.6809019446372986;DE
152;Matemática e suas Tecnologias;;D;0.7964999675750732;0.6169165372848511;0.8972846865653992;0.435260534286499;0.620134711265564;0.8211523294448853;0.4855498969554901;0.7070702314376831;0.6290249824523926;0.41893452405929565;;0.6427828401327134;0.8972846865653992;AD
153;Matemática e suas Tecnologias;;D;0.828112006187439;0.725932240486145;0.6427631378173828;0.5810553431510925;0.6129352450370789;0.682464599609375;0.5976868867874146;0.7055830359458923;0.7740721106529236;0.717363715171814;;0.6867968320846558;0.828112006187439;AB
154;Matemática e suas Tecnologias;;D;0.5986269116401672;0.7405621409416199;0.6934282779693604;0.6513019800186157;0.6332565546035767;0.6208280324935913;0.48210373520851135;0.848673939704895;0.7185224890708923;0.632545530796051;;0.6619849592447281;0.848673939704895;CD
155;Matemática e suas Tecnologias;;D;0.6361126899719238;0.750633955001831;0.4748742878437042;0.7066684365272522;0.6548600196838379;0.48816952109336853;0.5977554321289062;0.6511361002922058;0.764024019241333;0.6003605127334595;;0.6324594974517822;0.764024019241333;CE
156;Matemática e suas Tecnologias;;D;0.729111909866333;0.749140739440918;0.8056564331054688;0.5323063135147095;0.442807674407959;0.4986850619316101;0.7631040811538696;0.8838274478912354;0.511891782283783;0.6828115582466125;;0.6599343001842499;0.8838274478912354;CD
157;Matemática e suas Tecnologias;;D;0.7431759238243103;0.7185792922973633;0.6963456273078918;0.6513175368309021;0.7754521369934082;0.7191459536552429;0.6833083033561707;0.7925292253494263;0.7136645913124084;0.7517645359039307;;0.7245283126831055;0.7925292253494263;CD
158;Matemática e suas Tecnologias;;D;0.8164054155349731;0.5255600214004517;0.5212631225585938;0.5217801332473755;0.5594645738601685;0.5284765362739563;0.47048136591911316;0.7173300385475159;0.5774362683296204;0.5620061159133911;;0.5800203591585159;0.8164054155349731;AB
159;Matemática e suas Tecnologias;;E;0.8846747875213623;0.8559166193008423;0.8994731903076172;0.9033290147781372;0.8615274429321289;0.9063912630081177;0.9216005206108093;0.7643715143203735;0.7684988379478455;0.9264335036277771;;0.869221669435501;0.9264335036277771;DE
160;Matemática e suas Tecnologias;;A;0.6356227397918701;0.6637164354324341;0.6635048389434814;0.6057500839233398;0.6207247376441956;0.5825706124305725;0.5550302863121033;0.6771635413169861;0.6131863594055176;0.647942066192627;;0.6265211701393127;0.6771635413169861;CD
161;Matemática e suas Tecnologias;;B;0.7178022265434265;0.7275610566139221;0.5518577098846436;0.6539450287818909;0.6395847797393799;0.6911981701850891;0.5678253173828125;0.7671969532966614;0.7333031892776489;0.6874656677246094;;0.6737740099430084;0.7671969532966614;CD
162;Matemática e suas Tecnologias;;B;0.6045341491699219;0.6664968729019165;0.9145151972770691;0.6200739145278931;0.8520697355270386;0.624099612236023;0.922299325466156;0.6617997884750366;0.8551150560379028;0.7090038061141968;;0.7430007457733154;0.922299325466156;BE
163;Matemática e suas Tecnologias;;E;0.685346782207489;0.7073190212249756;0.6890884637832642;0.7543914914131165;0.5802960395812988;0.6075869798660278;0.5979039669036865;0.7678076028823853;0.6704651713371277;0.7569707632064819;;0.6817176282405853;0.7678076028823853;CD
164;Matemática e suas Tecnologias;;C;0.9436056613922119;0.7291719913482666;0.81342613697052;0.8945444822311401;0.7405864596366882;0.855633020401001;0.932833194732666;0.8916985392570496;0.6964576244354248;0.8582282066345215;;0.835618531703949;0.9436056613922119;AB
165;Matemática e suas Tecnologias;;C;0.4936699867248535;0.5071889162063599;0.42951279878616333;0.7065662145614624;0.5597226619720459;0.6997462511062622;0.5795258283615112;0.540718674659729;0.6097204685211182;0.6072770953178406;;0.5733648896217346;0.7065662145614624;AE
166;Matemática e suas Tecnologias;;D;0.6840757727622986;0.5125033259391785;0.43607527017593384;0.434345543384552;0.42261186242103577;0.5957873463630676;0.7098971009254456;0.677063524723053;0.45946016907691956;0.6557654738426208;;0.5587585389614105;0.7098971009254456;BE
167;Matemática e suas Tecnologias;;B;;;;;;;;;;;True;;;
168;Matemática e suas Tecnologias;;B;0.7984203100204468;0.447701632976532;0.43546298146247864;0.38081997632980347;0.4854331612586975;0.5666608810424805;0.3688454031944275;0.4134126901626587;0.44584912061691284;0.3609035611152649;;0.47035097181797025;0.7984203100204468;AB
169;Matemática e suas Tecnologias;;E;0.6097978353500366;0.8084412813186646;0.6020623445510864;0.8026641011238098;0.6084580421447754;0.8003545999526978;0.5439372062683105;0.7469351887702942;0.8578922748565674;0.6249507665634155;;0.7005493640899658;0.8578922748565674;CE
170;Matemática e suas Tecnologias;;A;0.8624124526977539;0.7686688899993896;0.7954558730125427;0.8155366778373718;0.7888108491897583;0.9032694101333618;0.8307220339775085;0.8710658550262451;0.735602617263794;0.8749308586120605;;0.8246475517749786;0.9032694101333618;BD
171;Matemática e suas Tecnologias;;A;0.9243436455726624;0.8460980653762817;0.8237453103065491;0.7819688320159912;0.7185344099998474;0.8848703503608704;0.6599686741828918;0.8636942505836487;0.8612136244773865;0.7323576211929321;;0.8096794784069061;0.9243436455726624;AB
172;Matemática e suas Tecnologias;;B;0.6121937036514282;0.6232126951217651;0.489134818315506;0.5112158060073853;0.5729984045028687;0.5543257594108582;0.5363181829452515;0.6118700504302979;0.5802203416824341;0.5499899387359619;;0.5641479700803756;0.6232126951217651;AC
173;Matemática e suas Tecnologias;;E;0.47442826628685;0.6567723751068115;0.5849306583404541;0.5790783762931824;0.6278955936431885;0.4999891519546509;0.5585343837738037;0.5321319699287415;0.7752036452293396;0.5994389653205872;;0.588840338587761;0.7752036452293396;CE
174;Matemática e suas Tecnologias;;C;0.6329306364059448;0.5579603910446167;0.5986918210983276;0.5686391592025757;0.6305134296417236;0.6423420906066895;0.6745786070823669;0.7925292253494263;0.7191459536552429;0.7754521369934082;;0.6592783451080322;0.7925292253494263;CD
175;Matemática e suas Tecnologias;;D;0.5381901264190674;0.5078851580619812;0.5275102853775024;0.49267956614494324;0.6566096544265747;0.653680145740509;0.5596780776977539;0.6866433620452881;0.597161054611206;0.6612638235092163;;0.5881301254034043;0.6866433620452881;CD
176;Matemática e suas Tecnologias;;B;0.7869134545326233;0.669589638710022;0.7262859344482422;0.6499268412590027;0.6298112869262695;0.5893599987030029;0.6082375049591064;0.7848770022392273;0.5514610409736633;0.6206545829772949;;0.6617117285728454;0.7869134545326233;AB
177;Matemática e suas Tecnologias;;A;0.6334989666938782;0.7196018695831299;0.5664117336273193;0.4450864791870117;0.7421920299530029;0.599730908870697;0.43159979581832886;0.6093124151229858;0.45487719774246216;0.43173056840896606;;0.5634041965007782;0.7421920299530029;BC
178;Matemática e suas Tecnologias;;Anulado;0.6305001974105835;0.587908148765564;0.5526019930839539;0.6704316139221191;0.6414300203323364;0.681220531463623;0.705490231513977;0.5593885183334351;0.5698754787445068;0.6941562294960022;;0.6293002963066101;0.705490231513977;BE
179;Matemática e suas Tecnologias;;C;0.6296696662902832;0.5475101470947266;0.6659430265426636;0.4427682161331177;0.5302368402481079;0.5372713208198547;0.5618682503700256;0.6501026153564453;0.5741829872131348;0.5779324173927307;;0.571748548746109;0.6659430265426636;AD
180;Matemática e suas Tecnologias;;C;0.6020718812942505;0.6787676215171814;0.4235771596431732;0.41677358746528625;0.7089222073554993;0.5569431781768799;0.5458555817604065;0.5535851716995239;0.49828219413757324;0.6247840523719788;;0.5609562635421753;0.7089222073554993;BC
