ano,area,co_item,posicao_prova_azul,lingua_estrangeira,n_respostas,n_acertos,percentual_acertos
2020,CH,112017,46,,402564,113077,28.09
2020,CH,111987,47,,402564,136416,33.89
2020,CH,111788,48,,402564,79257,19.69
2020,CH,43978,49,,402564,139665,34.69
2020,CH,84333,50,,402564,287090,71.32
2020,CH,111924,51,,402564,231825,57.59
2020,CH,89808,52,,402564,206414,51.27
2020,CH,112106,53,,402564,215286,53.48
2020,CH,87040,54,,402564,297788,73.97
2020,CH,111912,55,,402564,55991,13.91
2020,CH,112103,56,,402564,200019,49.69
2020,CH,111968,57,,402564,81528,20.25
2020,CH,112012,58,,402564,162186,40.29
2020,CH,88041,59,,402564,196473,48.81
2020,CH,87216,60,,402564,199243,49.49
2020,CH,112065,61,,402564,156857,38.96
2020,CH,42444,62,,402564,146350,36.35
2020,CH,15291,63,,402564,124337,30.89
2020,CH,87999,64,,402564,130658,32.46
2020,CH,111792,65,,402564,154752,38.44
2020,CH,88307,66,,402564,273150,67.85
2020,CH,97979,67,,402564,60451,15.02
2020,CH,111815,68,,402564,161689,40.16
2020,CH,84269,69,,402564,95090,23.62
2020,CH,35686,70,,402564,120659,29.97
2020,CH,111917,71,,402564,270062,67.09
2020,CH,85290,72,,402564,69429,17.25
2020,CH,95418,73,,402564,162004,40.24
2020,CH,111930,74,,402564,175822,43.68
2020,CH,111919,75,,402564,152752,37.94
2020,CH,63343,76,,402564,135377,33.63
2020,CH,46932,77,,402564,128072,31.81
2020,CH,38675,78,,402564,187132,46.49
2020,CH,111945,79,,402564,258272,64.16
2020,CH,111886,80,,402564,132659,32.95
2020,CH,18425,81,,402564,80354,19.96
2020,CH,96883,82,,402564,193747,48.13
2020,CH,95904,83,,402564,125801,31.25
2020,CH,95948,84,,402564,107574,26.72
2020,CH,98153,85,,402564,177221,44.02
2020,CH,45217,86,,402564,142258,35.34
2020,CH,85886,87,,402564,134712,33.46
2020,CH,112015,88,,402564,266719,66.26
2020,CH,96190,89,,402564,235106,58.4
2020,CH,111863,90,,402564,212415,52.77
2020,CN,84184,91,,375717,209241,55.69
2020,CN,79124,92,,375717,238133,63.38
2020,CN,62745,93,,375717,92338,24.58
2020,CN,60072,94,,375717,79346,21.12
2020,CN,31244,95,,375717,100571,26.77
2020,CN,17936,96,,375717,85755,22.82
2020,CN,14966,97,,375717,160536,42.73
2020,CN,59913,98,,375717,86822,23.11
2020,CN,49867,99,,375717,66514,17.7
2020,CN,76371,100,,375717,103290,27.49
2020,CN,10035,101,,375717,172879,46.01
2020,CN,79139,102,,375717,69867,18.6
2020,CN,87702,103,,375717,116472,31.0
2020,CN,95441,104,,375717,177296,47.19
2020,CN,53548,105,,375717,115409,30.72
2020,CN,84444,106,,375717,99851,26.58
2020,CN,78655,107,,375717,158652,42.23
2020,CN,83046,108,,375717,139293,37.07
2020,CN,97512,109,,375717,65252,17.37
2020,CN,82708,110,,375717,83614,22.25
2020,CN,85606,111,,375717,139554,37.14
2020,CN,111722,112,,375717,161659,43.03
2020,CN,83584,113,,375717,236886,63.05
2020,CN,89494,114,,375717,88472,23.55
2020,CN,49826,115,,375717,178025,47.38
2020,CN,111430,116,,375717,84882,22.59
2020,CN,40151,117,,375717,82778,22.03
2020,CN,14993,118,,375717,170410,45.36
2020,CN,83684,119,,375717,143585,38.22
2020,CN,111537,120,,375717,65871,17.53
2020,CN,38012,121,,375717,155423,41.37
2020,CN,55948,122,,375717,240427,63.99
2020,CN,82243,123,,375717,81464,21.68
2020,CN,87690,124,,375717,191174,50.88
2020,CN,98228,125,,375717,115576,30.76
2020,CN,111709,126,,375717,140991,37.53
2020,CN,84057,127,,375717,163593,43.54
2020,CN,81964,128,,375717,94808,25.23
2020,CN,77782,129,,375717,120486,32.07
2020,CN,90016,130,,375717,84376,22.46
2020,CN,87642,131,,375717,117998,31.41
2020,CN,111501,132,,375717,269802,71.81
2020,CN,84063,133,,375717,93741,24.95
2020,CN,87675,134,,375717,122234,32.53
2020,LC,23296,1,Espanhol,120852,53456,44.23
2020,LC,66641,1,Inglês,281712,184707,65.57
2020,LC,54896,2,Espanhol,120852,39533,32.71
2020,LC,112060,2,Inglês,281712,231632,82.22
2020,LC,86186,3,Espanhol,120852,40113,33.19
2020,LC,98143,3,Inglês,281712,56474,20.05
2020,LC,60777,4,Inglês,281712,101781,36.13
2020,LC,111973,4,Espanhol,120852,46422,38.41
2020,LC,62053,5,Espanhol,120852,52626,43.55
2020,LC,112080,5,Inglês,281712,158071,56.11
2020,LC,63448,6,,402564,126016,31.3
2020,LC,112130,7,,402564,111413,27.68
2020,LC,21377,8,,402564,90668,22.52
2020,LC,112138,9,,402564,90903,22.58
2020,LC,112059,10,,402564,164459,40.85
2020,LC,96433,11,,402564,174791,43.42
2020,LC,112112,12,,402564,141816,35.23
2020,LC,112089,13,,402564,281021,69.81
2020,LC,89327,14,,402564,88369,21.95
2020,LC,89906,15,,402564,354262,88.0
2020,LC,96861,16,,402564,139814,34.73
2020,LC,59955,17,,402564,243745,60.55
2020,LC,17055,18,,402564,160302,39.82
2020,LC,111819,19,,402564,136576,33.93
2020,LC,52618,20,,402564,263196,65.38
2020,LC,30842,21,,402564,112264,27.89
2020,LC,111838,22,,402564,289856,72.0
2020,LC,17413,23,,402564,111469,27.69
2020,LC,112151,24,,402564,87316,21.69
2020,LC,15001,25,,402564,161503,40.12
2020,LC,64056,26,,402564,300100,74.55
2020,LC,76967,27,,402564,285852,71.01
2020,LC,11437,28,,402564,230215,57.19
2020,LC,12204,29,,402564,215129,53.44
2020,LC,32400,30,,402564,98640,24.5
2020,LC,111850,31,,402564,217485,54.02
2020,LC,84295,32,,402564,252893,62.82
2020,LC,111915,33,,402564,193443,48.05
2020,LC,16501,34,,402564,130729,32.47
2020,LC,44328,35,,402564,316568,78.64
2020,LC,96814,36,,402564,262390,65.18
2020,LC,86091,37,,402564,176250,43.78
2020,LC,111989,38,,402564,110934,27.56
2020,LC,111903,39,,402564,258487,64.21
2020,LC,11966,40,,402564,158225,39.3
2020,LC,18128,41,,402564,73871,18.35
2020,LC,112087,42,,402564,246053,61.12
2020,LC,33271,43,,402564,354618,88.09
2020,LC,35684,44,,402564,298878,74.24
2020,LC,20652,45,,402564,65485,16.27
2020,MT,85224,136,,375717,82978,22.09
2020,MT,82724,137,,375717,276584,73.61
2020,MT,32975,138,,375717,59313,15.79
2020,MT,59546,139,,375717,222123,59.12
2020,MT,111432,140,,375717,128720,34.26
2020,MT,29531,141,,375717,89252,23.76
2020,MT,8028,142,,375717,170970,45.5
2020,MT,37990,143,,375717,138998,37.0
2020,MT,37286,144,,375717,87624,23.32
2020,MT,7633,145,,375717,78909,21.0
2020,MT,15248,146,,375717,100774,26.82
2020,MT,86282,147,,375717,103752,27.61
2020,MT,77477,148,,375717,194363,51.73
2020,MT,84253,149,,375717,63738,16.96
2020,MT,111714,150,,375717,112348,29.9
2020,MT,111461,151,,375717,96221,25.61
2020,MT,85793,152,,375717,74885,19.93
2020,MT,49782,153,,375717,172057,45.79
2020,MT,63324,154,,375717,77282,20.57
2020,MT,55387,155,,375717,124802,33.22
2020,MT,86803,156,,375717,178789,47.59
2020,MT,48864,158,,375717,78313,20.84
2020,MT,60666,159,,375717,124597,33.16
2020,MT,10660,160,,375717,85014,22.63
2020,MT,13085,161,,375717,91582,24.38
2020,MT,111525,162,,375717,138105,36.76
2020,MT,30462,163,,375717,92852,24.71
2020,MT,88028,164,,375717,239916,63.86
2020,MT,83753,165,,375717,52915,14.08
2020,MT,111530,166,,375717,100223,26.68
2020,MT,83638,167,,375717,155355,41.35
2020,MT,41676,168,,375717,115849,30.83
2020,MT,15897,169,,375717,130704,34.79
2020,MT,111719,170,,375717,91867,24.45
2020,MT,24338,171,,375717,126293,33.61
2020,MT,111566,172,,375717,107191,28.53
2020,MT,63901,173,,375717,69983,18.63
2020,MT,85945,174,,375717,138595,36.89
2020,MT,49630,175,,375717,160859,42.81
2020,MT,30344,176,,375717,200270,53.3
2020,MT,111491,177,,375717,254675,67.78
2020,MT,85053,178,,375717,168468,44.84
2020,MT,43031,179,,375717,64139,17.07
2020,MT,62498,180,,375717,156377,41.62
2022,CH,140506,46,,386619,135237,34.98
2022,CH,83806,47,,386619,191269,49.47
2022,CH,141322,48,,386619,352105,91.07
2022,CH,140639,49,,386619,224872,58.16
2022,CH,140682,50,,386619,101520,26.26
2022,CH,87207,51,,386619,99690,25.79
2022,CH,88045,52,,386619,239401,61.92
2022,CH,140568,53,,386619,180901,46.79
2022,CH,125706,54,,386619,116841,30.22
2022,CH,140631,55,,386619,131037,33.89
2022,CH,141364,56,,386619,296513,76.69
2022,CH,141355,57,,386619,87335,22.59
2022,CH,125654,58,,386619,199815,51.68
2022,CH,118066,59,,386619,202102,52.27
2022,CH,140429,60,,386619,194969,50.43
2022,CH,141030,61,,386619,258844,66.95
2022,CH,140585,62,,386619,100317,25.95
2022,CH,112145,63,,386619,124988,32.33
2022,CH,84199,64,,386619,131125,33.92
2022,CH,141048,65,,386619,329066,85.11
2022,CH,140914,66,,386619,110257,28.52
2022,CH,141148,67,,386619,184332,47.68
2022,CH,111964,68,,386619,227710,58.9
2022,CH,82962,69,,386619,135249,34.98
2022,CH,97262,70,,386619,310499,80.31
2022,CH,44230,71,,386619,189251,48.95
2022,CH,141384,72,,386619,130456,33.74
2022,CH,75825,73,,386619,159841,41.34
2022,CH,118110,74,,386619,130685,33.8
2022,CH,140721,75,,386619,163719,42.35
2022,CH,140441,76,,386619,172631,44.65
2022,CH,140550,77,,386619,252314,65.26
2022,CH,67980,78,,386619,64277,16.63
2022,CH,140378,79,,386619,196303,50.77
2022,CH,95823,80,,386619,167721,43.38
2022,CH,95739,81,,386619,148044,38.29
2022,CH,140643,82,,386619,137652,35.6
2022,CH,141072,83,,386619,182941,47.32
2022,CH,111893,84,,386619,144043,37.26
2022,CH,125944,85,,386619,235975,61.04
2022,CH,96291,86,,386619,58698,15.18
2022,CH,140572,87,,386619,182092,47.1
2022,CH,96516,88,,386619,52077,13.47
2022,CH,140190,89,,386619,250858,64.89
2022,CH,111984,90,,386619,127127,32.88
2022,CN,141574,91,,365656,123174,33.69
2022,CN,18228,92,,365656,90116,24.65
2022,CN,111668,93,,365656,87712,23.99
2022,CN,111694,94,,365656,81420,22.27
2022,CN,111558,95,,365656,58586,16.02
2022,CN,81969,96,,365656,103910,28.42
2022,CN,141597,97,,365656,76898,21.03
2022,CN,141725,98,,365656,47735,13.05
2022,CN,41054,99,,365656,182726,49.97
2022,CN,90130,100,,365656,122615,33.53
2022,CN,31381,101,,365656,86800,23.74
2022,CN,141731,102,,365656,45154,12.35
2022,CN,85445,103,,365656,76670,20.97
2022,CN,97727,104,,365656,159887,43.73
2022,CN,28034,105,,365656,121698,33.28
2022,CN,97915,106,,365656,69718,19.07
2022,CN,85860,107,,365656,58334,15.95
2022,CN,44969,108,,365656,98427,26.92
2022,CN,96189,109,,365656,127728,34.93
2022,CN,141712,110,,365656,144028,39.39
2022,CN,43073,111,,365656,196311,53.69
2022,CN,89554,112,,365656,67642,18.5
2022,CN,141605,113,,365656,137709,37.66
2022,CN,117854,114,,365656,95235,26.04
2022,CN,141545,115,,365656,110182,30.13
2022,CN,78377,116,,365656,117208,32.05
2022,CN,97761,117,,365656,191228,52.3
2022,CN,78716,118,,365656,194144,53.09
2022,CN,64203,119,,365656,52613,14.39
2022,CN,96244,120,,365656,60723,16.61
2022,CN,37769,121,,365656,102556,28.05
2022,CN,141726,122,,365656,131457,35.95
2022,CN,87998,123,,365656,42912,11.74
2022,CN,141547,124,,365656,158216,43.27
2022,CN,98106,125,,365656,57985,15.86
2022,CN,83901,126,,365656,118427,32.39
2022,CN,111431,127,,365656,68965,18.86
2022,CN,111613,128,,365656,72725,19.89
2022,CN,28632,129,,365656,67445,18.44
2022,CN,126560,130,,365656,162727,44.5
2022,CN,141503,131,,365656,164300,44.93
2022,CN,88655,132,,365656,118147,32.31
2022,CN,31313,133,,365656,111576,30.51
2022,CN,75845,134,,365656,89945,24.6
2022,CN,82765,135,,365656,137027,37.47
2022,LC,111918,1,Inglês,289964,206973,71.38
2022,LC,118230,1,Espanhol,96655,67579,69.92
2022,LC,111835,2,Inglês,289964,149455,51.54
2022,LC,118252,2,Espanhol,96655,34747,35.95
2022,LC,76318,3,Espanhol,96655,34007,35.18
2022,LC,140767,3,Inglês,289964,232685,80.25
2022,LC,140527,4,Espanhol,96655,60238,62.32
2022,LC,140731,4,Inglês,289964,208889,72.04
2022,LC,140567,5,Espanhol,96655,64268,66.49
2022,LC,140626,5,Inglês,289964,192131,66.26
2022,LC,60382,6,,386619,196132,50.73
2022,LC,111929,7,,386619,121656,31.47
2022,LC,118120,8,,386619,89970,23.27
2022,LC,66576,9,,386619,355818,92.03
2022,LC,49544,10,,386619,115662,29.92
2022,LC,41810,11,,386619,218503,56.52
2022,LC,42674,12,,386619,226518,58.59
2022,LC,120622,13,,386619,192948,49.91
2022,LC,42940,14,,386619,277265,71.72
2022,LC,111926,15,,386619,183334,47.42
2022,LC,141427,16,,386619,38791,10.03
2022,LC,141464,17,,386619,180425,46.67
2022,LC,67229,18,,386619,83304,21.55
2022,LC,120124,19,,386619,290956,75.26
2022,LC,45201,20,,386619,138682,35.87
2022,LC,140827,21,,386619,191615,49.56
2022,LC,39101,22,,386619,129962,33.62
2022,LC,9716,23,,386619,120021,31.04
2022,LC,141440,24,,386619,279916,72.4
2022,LC,141203,25,,386619,287436,74.35
2022,LC,96502,26,,386619,277602,71.8
2022,LC,141410,27,,386619,267779,69.26
2022,LC,120626,28,,386619,160501,41.51
2022,LC,111954,29,,386619,148234,38.34
2022,LC,26545,30,,386619,74845,19.36
2022,LC,89149,31,,386619,185201,47.9
2022,LC,44570,32,,386619,221552,57.3
2022,LC,86703,33,,386619,176978,45.78
2022,LC,119767,34,,386619,323952,83.79
2022,LC,140898,35,,386619,79523,20.57
2022,LC,111961,36,,386619,225659,58.37
2022,LC,141390,37,,386619,292738,75.72
2022,LC,120368,38,,386619,26294,6.8
2022,LC,54528,39,,386619,46338,11.99
2022,LC,6864,40,,386619,206887,53.51
2022,LC,10776,41,,386619,248960,64.39
2022,LC,90238,42,,386619,188003,48.63
2022,LC,78112,43,,386619,190074,49.16
2022,LC,81994,44,,386619,162710,42.09
2022,LC,141261,45,,386619,198025,51.22
2022,MT,97590,136,,365656,74740,20.44
2022,MT,86840,137,,365656,109731,30.01
2022,MT,30493,138,,365656,118975,32.54
2022,MT,117973,139,,365656,84919,23.22
2022,MT,10500,140,,365656,67747,18.53
2022,MT,89637,141,,365656,31724,8.68
2022,MT,86499,142,,365656,74557,20.39
2022,MT,5961,143,,365656,116635,31.9
2022,MT,75829,144,,365656,118811,32.49
2022,MT,117651,145,,365656,111225,30.42
2022,MT,95509,146,,365656,61843,16.91
2022,MT,117820,147,,365656,101522,27.76
2022,MT,61248,148,,365656,96041,26.27
2022,MT,111738,149,,365656,110914,30.33
2022,MT,85343,150,,365656,54634,14.94
2022,MT,30053,151,,365656,123120,33.67
2022,MT,85228,152,,365656,87879,24.03
2022,MT,86466,153,,365656,87070,23.81
2022,MT,43182,154,,365656,141824,38.79
2022,MT,47309,155,,365656,131125,35.86
2022,MT,63646,156,,365656,118355,32.37
2022,MT,53461,158,,365656,91758,25.09
2022,MT,85013,159,,365656,86611,23.69
2022,MT,8364,160,,365656,120743,33.02
2022,MT,28683,161,,365656,93855,25.67
2022,MT,111516,162,,365656,147034,40.21
2022,MT,32369,163,,365656,71144,19.46
2022,MT,117877,164,,365656,137658,37.65
2022,MT,82581,165,,365656,72523,19.83
2022,MT,31516,166,,365656,120677,33.0
2022,MT,68369,167,,365656,111220,30.42
2022,MT,10322,168,,365656,205911,56.31
2022,MT,63204,169,,365656,95387,26.09
2022,MT,68123,170,,365656,134257,36.72
2022,MT,96315,171,,365656,199669,54.61
2022,MT,117742,172,,365656,134070,36.67
2022,MT,30327,173,,365656,241976,66.18
2022,MT,14797,174,,365656,56049,15.33
2022,MT,60441,175,,365656,271941,74.37
2022,MT,117886,176,,365656,72678,19.88
2022,MT,95676,177,,365656,224910,61.51
2022,MT,19807,178,,365656,28144,7.7
2022,MT,85588,179,,365656,256683,70.2
2022,MT,10409,180,,365656,155963,42.65
2023,CH,140612,46,,430906,299990,69.62
2023,CH,125687,47,,430906,236930,54.98
2023,CH,140453,48,,430906,174593,40.52
2023,CH,140581,49,,430906,224983,52.21
2023,CH,141106,50,,430906,139378,32.35
2023,CH,63635,51,,430906,173345,40.23
2023,CH,140194,52,,430906,166602,38.66
2023,CH,141131,53,,430906,215468,50.0
2023,CH,141136,54,,430906,140831,32.68
2023,CH,48754,55,,430906,251255,58.31
2023,CH,141388,56,,430906,230534,53.5
2023,CH,125719,57,,430906,229880,53.35
2023,CH,140376,58,,430906,286536,66.5
2023,CH,48747,59,,430906,285524,66.26
2023,CH,141049,60,,430906,280333,65.06
2023,CH,140440,61,,430906,347638,80.68
2023,CH,141118,62,,430906,260697,60.5
2023,CH,141363,63,,430906,215349,49.98
2023,CH,141113,64,,430906,279812,64.94
2023,CH,141104,65,,430906,246476,57.2
2023,CH,140166,66,,430906,374550,86.92
2023,CH,140499,67,,430906,307394,71.34
2023,CH,118063,68,,430906,308547,71.6
2023,CH,140674,69,,430906,297551,69.05
2023,CH,95744,70,,430906,208155,48.31
2023,CH,140819,71,,430906,127810,29.66
2023,CH,141046,72,,430906,284530,66.03
2023,CH,140657,73,,430906,207173,48.08
2023,CH,140214,74,,430906,240346,55.78
2023,CH,141383,75,,430906,346926,80.51
2023,CH,140534,76,,430906,263904,61.24
2023,CH,140543,77,,430906,205727,47.74
2023,CH,140430,78,,430906,134196,31.14
2023,CH,140592,79,,430906,103716,24.07
2023,CH,28657,80,,430906,188150,43.66
2023,CH,141350,81,,430906,133486,30.98
2023,CH,125684,82,,430906,260307,60.41
2023,CH,140815,83,,430906,236475,54.88
2023,CH,141123,84,,430906,153873,35.71
2023,CH,140476,85,,430906,141690,32.88
2023,CH,141022,86,,430906,185646,43.08
2023,CH,140468,87,,430906,223075,51.77
2023,CH,141051,88,,430906,123459,28.65
2023,CH,141142,89,,430906,363129,84.27
2023,CH,140571,90,,430906,155199,36.02
2023,CN,84422,91,,410100,222056,54.15
2023,CN,83378,92,,410100,370031,90.23
2023,CN,117887,93,,410100,224733,54.8
2023,CN,66330,94,,410100,75902,18.51
2023,CN,48492,95,,410100,124506,30.36
2023,CN,63155,96,,410100,120036,29.27
2023,CN,84041,97,,410100,79854,19.47
2023,CN,86347,98,,410100,91372,22.28
2023,CN,89769,99,,410100,47805,11.66
2023,CN,111665,100,,410100,120943,29.49
2023,CN,117711,101,,410100,67869,16.55
2023,CN,48641,102,,410100,129598,31.6
2023,CN,82754,103,,410100,87529,21.34
2023,CN,60978,104,,410100,112391,27.41
2023,CN,87721,105,,410100,164416,40.09
2023,CN,141723,106,,410100,165300,40.31
2023,CN,12018,107,,410100,102785,25.06
2023,CN,117823,108,,410100,47028,11.47
2023,CN,83552,109,,410100,88001,21.46
2023,CN,78578,110,,410100,94303,23.0
2023,CN,54162,111,,410100,98905,24.12
2023,CN,111466,112,,410100,84751,20.67
2023,CN,82446,113,,410100,41594,10.14
2023,CN,97149,114,,410100,160399,39.11
2023,CN,117866,115,,410100,80744,19.69
2023,CN,60037,116,,410100,160755,39.2
2023,CN,82333,117,,410100,48205,11.75
2023,CN,60689,118,,410100,123080,30.01
2023,CN,88557,119,,410100,122649,29.91
2023,CN,47231,120,,410100,45551,11.11
2023,CN,47317,121,,410100,116082,28.31
2023,CN,97767,122,,410100,73715,17.97
2023,CN,54804,123,,410100,60943,14.86
2023,CN,66259,124,,410100,157298,38.36
2023,CN,64023,125,,410100,155277,37.86
2023,CN,87989,126,,410100,128607,31.36
2023,CN,97813,127,,410100,66159,16.13
2023,CN,40724,128,,410100,321485,78.39
2023,CN,60332,129,,410100,49339,12.03
2023,CN,126604,130,,410100,223399,54.47
2023,CN,117631,131,,410100,230143,56.12
2023,CN,83558,132,,410100,168891,41.18
2023,CN,43890,133,,410100,83989,20.48
2023,CN,85436,134,,410100,119463,29.13
2023,CN,26042,135,,410100,87890,21.43
2023,LC,140743,1,Inglês,321772,279113,86.74
2023,LC,140765,1,Espanhol,109134,52221,47.85
2023,LC,140595,2,Inglês,321772,93399,29.03
2023,LC,141707,2,Espanhol,109134,27760,25.44
2023,LC,140736,3,Inglês,321772,131539,40.88
2023,LC,141715,3,Espanhol,109134,60910,55.81
2023,LC,140649,4,Espanhol,109134,44542,40.81
2023,LC,140785,4,Inglês,321772,225036,69.94
2023,LC,15035,5,Espanhol,109134,69361,63.56
2023,LC,140732,5,Inglês,321772,249975,77.69
2023,LC,141233,6,,430906,240352,55.78
2023,LC,140884,7,,430906,227217,52.73
2023,LC,141443,8,,430906,239936,55.68
2023,LC,88031,9,,430906,126605,29.38
2023,LC,111887,10,,430906,279945,64.97
2023,LC,118301,11,,430906,303747,70.49
2023,LC,141776,12,,430906,187016,43.4
2023,LC,140949,13,,430906,189876,44.06
2023,LC,140899,14,,430906,183463,42.58
2023,LC,118195,15,,430906,299386,69.48
2023,LC,140918,16,,430906,229742,53.32
2023,LC,120115,17,,430906,237482,55.11
2023,LC,140905,18,,430906,76149,17.67
2023,LC,141474,19,,430906,308959,71.7
2023,LC,140869,20,,430906,145545,33.78
2023,LC,140942,21,,430906,259636,60.25
2023,LC,140847,22,,430906,292616,67.91
2023,LC,140987,23,,430906,79070,18.35
2023,LC,140857,24,,430906,317028,73.57
2023,LC,140880,25,,430906,205333,47.65
2023,LC,140959,26,,430906,46177,10.72
2023,LC,141814,27,,430906,277225,64.34
2023,LC,141448,28,,430906,272749,63.3
2023,LC,140944,29,,430906,103861,24.1
2023,LC,140885,30,,430906,266168,61.77
2023,LC,140858,31,,430906,176464,40.95
2023,LC,141229,32,,430906,135048,31.34
2023,LC,141239,33,,430906,156393,36.29
2023,LC,120648,34,,430906,113335,26.3
2023,LC,141243,35,,430906,338083,78.46
2023,LC,141260,36,,430906,186012,43.17
2023,LC,141201,37,,430906,174277,40.44
2023,LC,141214,38,,430906,337533,78.33
2023,LC,97007,39,,430906,181053,42.02
2023,LC,141212,40,,430906,247229,57.37
2023,LC,141204,41,,430906,323063,74.97
2023,LC,141802,42,,430906,334980,77.74
2023,LC,16384,43,,430906,192459,44.66
2023,LC,40390,44,,430906,406777,94.4
2023,LC,140920,45,,430906,224551,52.11
2023,MT,48324,136,,410100,128038,31.22
2023,MT,31650,137,,410100,212130,51.73
2023,MT,141582,138,,410100,99277,24.21
2023,MT,141567,139,,410100,145301,35.43
2023,MT,98278,140,,410100,99025,24.15
2023,MT,14994,141,,410100,166059,40.49
2023,MT,117634,142,,410100,87100,21.24
2023,MT,111446,143,,410100,146958,35.83
2023,MT,39385,144,,410100,119491,29.14
2023,MT,125929,145,,410100,137679,33.57
2023,MT,14410,146,,410100,101885,24.84
2023,MT,16795,147,,410100,127674,31.13
2023,MT,141566,148,,410100,131359,32.03
2023,MT,125884,149,,410100,129258,31.52
2023,MT,117706,150,,410100,184416,44.97
2023,MT,141570,151,,410100,241437,58.87
2023,MT,86783,152,,410100,79303,19.34
2023,MT,125935,153,,410100,282907,68.98
2023,MT,126028,154,,410100,98925,24.12
2023,MT,13725,155,,410100,168477,41.08
2023,MT,141513,156,,410100,285161,69.53
2023,MT,32176,157,,410100,183305,44.7
2023,MT,117633,158,,410100,106460,25.96
2023,MT,125977,159,,410100,196052,47.81
2023,MT,141540,160,,410100,95084,23.19
2023,MT,86360,161,,410100,110165,26.86
2023,MT,27119,162,,410100,242449,59.12
2023,MT,125902,163,,410100,45028,10.98
2023,MT,14887,164,,410100,311819,76.03
2023,MT,28932,165,,410100,91194,22.24
2023,MT,81946,166,,410100,178050,43.42
2023,MT,27330,167,,410100,125084,30.5
2023,MT,24523,168,,410100,70841,17.27
2023,MT,81743,169,,410100,232736,56.75
2023,MT,37441,170,,410100,49480,12.07
2023,MT,84857,171,,410100,137702,33.58
2023,MT,125888,172,,410100,149763,36.52
2023,MT,125933,173,,410100,125144,30.52
2023,MT,126039,174,,410100,310671,75.75
2023,MT,85504,175,,410100,127184,31.01
2023,MT,81742,176,,410100,183972,44.86
2023,MT,14389,177,,410100,180010,43.89
2023,MT,111754,178,,410100,101829,24.83
2023,MT,14366,179,,410100,265484,64.74
2023,MT,125969,180,,410100,219686,53.57
2024,CH,141067,46,,488025,158394,32.46
2024,CH,141035,47,,488025,277685,56.9
2024,CH,141161,48,,488025,292012,59.84
2024,CH,125946,49,,488025,127118,26.05
2024,CH,140199,50,,488025,284595,58.32
2024,CH,149806,51,,488025,235844,48.33
2024,CH,140185,52,,488025,228772,46.88
2024,CH,140621,53,,488025,194730,39.9
2024,CH,140552,54,,488025,200301,41.04
2024,CH,88833,55,,488025,244061,50.01
2024,CH,140161,56,,488025,139470,28.58
2024,CH,141143,57,,488025,340535,69.78
2024,CH,149862,58,,488025,223258,45.75
2024,CH,149789,59,,488025,266545,54.62
2024,CH,125718,60,,488025,178838,36.65
2024,CH,140574,61,,488025,207984,42.62
2024,CH,141045,62,,488025,126830,25.99
2024,CH,141016,63,,488025,233873,47.92
2024,CH,149791,64,,488025,312343,64.0
2024,CH,82093,65,,488025,249542,51.13
2024,CH,118064,66,,488025,243419,49.88
2024,CH,141402,67,,488025,298651,61.2
2024,CH,141068,68,,488025,230616,47.25
2024,CH,111879,69,,488025,377931,77.44
2024,CH,67577,70,,488025,263488,53.99
2024,CH,141401,71,,488025,203734,41.75
2024,CH,141374,72,,488025,383289,78.54
2024,CH,141338,73,,488025,140910,28.87
2024,CH,141032,74,,488025,154228,31.6
2024,CH,149808,75,,488025,264272,54.15
2024,CH,141033,76,,488025,232382,47.62
2024,CH,125794,77,,488025,397267,81.4
2024,CH,140684,78,,488025,54761,11.22
2024,CH,98152,79,,488025,206069,42.23
2024,CH,140423,80,,488025,374508,76.74
2024,CH,86938,81,,488025,298755,61.22
2024,CH,140159,82,,488025,70843,14.52
2024,CH,85551,83,,488025,241692,49.52
2024,CH,149741,84,,488025,187002,38.32
2024,CH,140564,85,,488025,212196,43.48
2024,CH,149795,86,,488025,343269,70.34
2024,CH,141010,87,,488025,307609,63.03
2024,CH,149830,88,,488025,186575,38.23
2024,CH,141127,89,,488025,114417,23.44
2024,CH,44318,90,,488025,190815,39.1
2024,CN,84075,91,,466118,214662,46.05
2024,CN,141598,92,,466118,160589,34.45
2024,CN,77606,93,,466118,148172,31.79
2024,CN,97327,94,,466118,182996,39.26
2024,CN,111650,95,,466118,43503,9.33
2024,CN,111400,96,,466118,223256,47.9
2024,CN,98061,97,,466118,97026,20.82
2024,CN,141807,98,,466118,81141,17.41
2024,CN,126592,99,,466118,168495,36.15
2024,CN,118000,100,,466118,147649,31.68
2024,CN,141661,101,,466118,170621,36.6
2024,CN,87137,102,,466118,98052,21.04
2024,CN,76197,103,,466118,58897,12.64
2024,CN,141808,104,,466118,123318,26.46
2024,CN,141753,105,,466118,127585,27.37
2024,CN,111475,106,,466118,190983,40.97
2024,CN,78441,107,,466118,206705,44.35
2024,CN,141791,108,,466118,150200,32.22
2024,CN,111460,109,,466118,183569,39.38
2024,CN,117915,110,,466118,344246,73.85
2024,CN,85697,111,,466118,121345,26.03
2024,CN,141775,112,,466118,217871,46.74
2024,CN,117963,113,,466118,157758,33.85
2024,CN,117780,114,,466118,260295,55.84
2024,CN,111658,115,,466118,47016,10.09
2024,CN,89141,116,,466118,149381,32.05
2024,CN,86002,117,,466118,254160,54.53
2024,CN,111515,118,,466118,142999,30.68
2024,CN,117932,119,,466118,119118,25.56
2024,CN,117878,120,,466118,131045,28.11
2024,CN,141621,121,,466118,133902,28.73
2024,CN,141558,122,,466118,178397,38.27
2024,CN,111693,123,,466118,172000,36.9
2024,CN,87263,124,,466118,206780,44.36
2024,CN,88293,125,,466118,98440,21.12
2024,CN,141743,126,,466118,230554,49.46
2024,CN,68866,127,,466118,204910,43.96
2024,CN,117837,128,,466118,240270,51.55
2024,CN,42680,130,,466118,129651,27.82
2024,CN,117859,131,,466118,149018,31.97
2024,CN,141594,132,,466118,80919,17.36
2024,CN,111416,133,,466118,141937,30.45
2024,CN,111726,134,,466118,124640,26.74
2024,CN,141591,135,,466118,106633,22.88
2024,LC,61929,1,Inglês,366463,236592,64.56
2024,LC,140710,1,Espanhol,121562,47920,39.42
2024,LC,118194,2,Inglês,366463,215959,58.93
2024,LC,140789,2,Espanhol,121562,38998,32.08
2024,LC,87876,3,Inglês,366463,342219,93.38
2024,LC,141730,3,Espanhol,121562,53155,43.73
2024,LC,111888,4,Espanhol,121562,56314,46.33
2024,LC,118157,4,Inglês,366463,231971,63.3
2024,LC,97312,5,Inglês,366463,148552,40.54
2024,LC,140760,5,Espanhol,121562,41739,34.34
2024,LC,150678,6,,488025,355292,72.8
2024,LC,150675,7,,488025,422576,86.59
2024,LC,141218,8,,488025,372429,76.31
2024,LC,141206,9,,488025,432054,88.53
2024,LC,150425,10,,488025,349507,71.62
2024,LC,150680,11,,488025,123957,25.4
2024,LC,150766,12,,488025,344903,70.67
2024,LC,150621,13,,488025,386502,79.2
2024,LC,140894,14,,488025,162058,33.21
2024,LC,150540,15,,488025,282984,57.99
2024,LC,141221,16,,488025,274332,56.21
2024,LC,150627,17,,488025,403972,82.78
2024,LC,141803,18,,488025,178610,36.6
2024,LC,150767,19,,488025,261899,53.67
2024,LC,150622,20,,488025,271595,55.65
2024,LC,46766,21,,488025,119106,24.41
2024,LC,120624,22,,488025,97935,20.07
2024,LC,111901,23,,488025,208583,42.74
2024,LC,150665,24,,488025,143497,29.4
2024,LC,40924,25,,488025,183316,37.56
2024,LC,118254,26,,488025,402453,82.47
2024,LC,150645,27,,488025,223832,45.86
2024,LC,140881,28,,488025,143646,29.43
2024,LC,140961,29,,488025,157150,32.2
2024,LC,150640,30,,488025,165056,33.82
2024,LC,17182,31,,488025,118642,24.31
2024,LC,141799,32,,488025,200360,41.06
2024,LC,150588,33,,488025,408373,83.68
2024,LC,150523,34,,488025,138487,28.38
2024,LC,140892,35,,488025,306559,62.82
2024,LC,119743,36,,488025,174475,35.75
2024,LC,141444,37,,488025,248854,50.99
2024,LC,118297,38,,488025,297138,60.89
2024,LC,150666,39,,488025,324892,66.57
2024,LC,118217,40,,488025,231909,47.52
2024,LC,141460,41,,488025,376685,77.19
2024,LC,150747,42,,488025,358049,73.37
2024,LC,141202,43,,488025,257198,52.7
2024,LC,141244,44,,488025,405423,83.07
2024,LC,150676,45,,488025,334971,68.64
2024,MT,125949,136,,466118,76049,16.32
2024,MT,29740,137,,466118,147165,31.57
2024,MT,29021,138,,466118,156602,33.6
2024,MT,117723,139,,466118,290469,62.32
2024,MT,35949,140,,466118,178505,38.3
2024,MT,141677,141,,466118,127683,27.39
2024,MT,83799,142,,466118,120271,25.8
2024,MT,117797,143,,466118,108357,23.25
2024,MT,125887,144,,466118,194489,41.73
2024,MT,55423,145,,466118,227736,48.86
2024,MT,117796,146,,466118,86278,18.51
2024,MT,87519,147,,466118,217079,46.57
2024,MT,13141,148,,466118,129949,27.88
2024,MT,84940,149,,466118,101608,21.8
2024,MT,111708,150,,466118,122458,26.27
2024,MT,15394,151,,466118,51202,10.98
2024,MT,42136,152,,466118,194129,41.65
2024,MT,76177,153,,466118,165442,35.49
2024,MT,55806,154,,466118,281216,60.33
2024,MT,125957,155,,466118,98621,21.16
2024,MT,117618,156,,466118,228380,49.0
2024,MT,125993,157,,466118,194918,41.82
2024,MT,60313,158,,466118,196140,42.08
2024,MT,117747,159,,466118,144456,30.99
2024,MT,117712,160,,466118,129084,27.69
2024,MT,141550,161,,466118,152891,32.8
2024,MT,125992,162,,466118,96391,20.68
2024,MT,17539,163,,466118,106072,22.76
2024,MT,79213,164,,466118,181138,38.86
2024,MT,111706,165,,466118,128723,27.62
2024,MT,39631,166,,466118,107125,22.98
2024,MT,81496,167,,466118,205187,44.02
2024,MT,111549,168,,466118,192697,41.34
2024,MT,125923,169,,466118,109802,23.56
2024,MT,96636,170,,466118,123946,26.59
2024,MT,95687,171,,466118,83402,17.89
2024,MT,125890,172,,466118,160281,34.39
2024,MT,84423,173,,466118,160192,34.37
2024,MT,125996,174,,466118,124433,26.7
2024,MT,49701,175,,466118,102795,22.05
2024,MT,141579,176,,466118,180150,38.65
2024,MT,12877,177,,466118,166373,35.69
2024,MT,14995,178,,466118,220209,47.24
2024,MT,117774,179,,466118,176524,37.87
2024,MT,60335,180,,466118,72501,15.55
2025,CH,141102,46,,542002,219251,40.45
2025,CH,125735,47,,542002,228286,42.12
2025,CH,87509,48,,542002,156074,28.8
2025,CH,112144,49,,542002,260427,48.05
2025,CH,111883,50,,542002,131652,24.29
2025,CH,111927,51,,542002,310332,57.26
2025,CH,111982,52,,542002,159152,29.36
2025,CH,149742,53,,542002,183034,33.77
2025,CH,140428,54,,542002,320750,59.18
2025,CH,95807,55,,542002,193564,35.71
2025,CH,149784,56,,542002,349264,64.44
2025,CH,140583,57,,542002,340292,62.78
2025,CH,55300,58,,542002,250855,46.28
2025,CH,140491,59,,542002,115578,21.32
2025,CH,140201,60,,542002,192499,35.52
2025,CH,85670,61,,542002,316000,58.3
2025,CH,141135,62,,542002,270239,49.86
2025,CH,140594,63,,542002,274800,50.7
2025,CH,85827,64,,542002,111934,20.65
2025,CH,141009,65,,542002,302972,55.9
2025,CH,141340,66,,542002,96683,17.84
2025,CH,84849,67,,542002,145315,26.81
2025,CH,149824,68,,542002,277120,51.13
2025,CH,88661,69,,542002,200255,36.95
2025,CH,56368,70,,542002,135309,24.96
2025,CH,83900,71,,542002,341193,62.95
2025,CH,84812,72,,542002,155915,28.77
2025,CH,96978,73,,542002,350470,64.66
2025,CH,95495,74,,542002,109535,20.21
2025,CH,90024,75,,542002,256634,47.35
2025,CH,141167,76,,542002,133750,24.68
2025,CH,118062,77,,542002,351184,64.79
2025,CH,56054,78,,542002,218177,40.25
2025,CH,141162,79,,542002,109200,20.15
2025,CH,118057,80,,542002,229278,42.3
2025,CH,140932,81,,542002,186187,34.35
2025,CH,55581,82,,542002,261432,48.23
2025,CH,125788,83,,542002,160994,29.7
2025,CH,140518,84,,542002,309394,57.08
2025,CH,140451,85,,542002,286870,52.93
2025,CH,141078,86,,542002,245271,45.25
2025,CH,111941,87,,542002,217333,40.1
2025,CH,85913,88,,542002,290530,53.6
2025,CH,149787,89,,542002,239211,44.13
2025,CH,140432,90,,542002,158713,29.28
2025,CN,117652,91,,511808,181236,35.41
2025,CN,88062,92,,511808,278367,54.39
2025,CN,89916,93,,511808,161226,31.5
2025,CN,141609,94,,511808,115002,22.47
2025,CN,76022,95,,511808,289599,56.58
2025,CN,117869,96,,511808,372429,72.77
2025,CN,141754,97,,511808,233034,45.53
2025,CN,97320,98,,511808,393174,76.82
2025,CN,44307,99,,511808,293787,57.4
2025,CN,97650,100,,511808,324809,63.46
2025,CN,78625,101,,511808,276392,54.0
2025,CN,88181,102,,511808,288147,56.3
2025,CN,111667,103,,511808,161459,31.55
2025,CN,141710,104,,511808,338793,66.2
2025,CN,141577,105,,511808,158572,30.98
2025,CN,86643,106,,511808,224342,43.83
2025,CN,87450,107,,511808,260785,50.95
2025,CN,60058,108,,511808,45796,8.95
2025,CN,111737,109,,511808,185155,36.18
2025,CN,87716,110,,511808,151007,29.5
2025,CN,84440,111,,511808,94558,18.48
2025,CN,85481,112,,511808,97959,19.14
2025,CN,67752,113,,511808,65685,12.83
2025,CN,141590,114,,511808,245631,47.99
2025,CN,83614,115,,511808,176260,34.44
2025,CN,117734,116,,511808,142725,27.89
2025,CN,83213,117,,511808,138995,27.16
2025,CN,76686,118,,511808,139701,27.3
2025,CN,141522,119,,511808,167870,32.8
2025,CN,141642,120,,511808,152123,29.72
2025,CN,77992,121,,511808,75343,14.72
2025,CN,141601,122,,511808,153722,30.04
2025,CN,97091,124,,511808,108888,21.28
2025,CN,96748,125,,511808,137770,26.92
2025,CN,61018,126,,511808,118592,23.17
2025,CN,95445,127,,511808,144304,28.19
2025,CN,97616,128,,511808,274243,53.58
2025,CN,98246,129,,511808,258119,50.43
2025,CN,141529,130,,511808,123839,24.2
2025,CN,96328,131,,511808,56024,10.95
2025,CN,86958,133,,511808,102871,20.1
2025,CN,141671,134,,511808,176994,34.58
2025,CN,97292,135,,511808,85280,16.66
2025,LC,152688,1,Espanhol,130473,72687,55.71
2025,LC,153875,1,Inglês,411529,287771,69.93
2025,LC,118169,2,Inglês,411529,287445,69.85
2025,LC,153945,2,Espanhol,130473,37272,28.57
2025,LC,140709,3,Espanhol,130473,49269,37.76
2025,LC,153836,3,Inglês,411529,254302,61.79
2025,LC,112036,4,Inglês,411529,245282,59.6
2025,LC,154015,4,Espanhol,130473,21858,16.75
2025,LC,153833,5,Espanhol,130473,73916,56.65
2025,LC,153930,5,Inglês,411529,323246,78.55
2025,LC,157751,6,,542002,328424,60.59
2025,LC,157750,7,,542002,295831,54.58
2025,LC,157779,8,,542002,205160,37.85
2025,LC,157781,9,,542002,213940,39.47
2025,LC,157775,10,,542002,220102,40.61
2025,LC,150940,11,,542002,230282,42.49
2025,LC,157571,12,,542002,372230,68.68
2025,LC,153400,13,,542002,235557,43.46
2025,LC,157665,14,,542002,323118,59.62
2025,LC,153556,15,,542002,275395,50.81
2025,LC,157615,16,,542002,284289,52.45
2025,LC,157598,17,,542002,187766,34.64
2025,LC,154020,18,,542002,448853,82.81
2025,LC,157619,19,,542002,453616,83.69
2025,LC,150612,20,,542002,312107,57.58
2025,LC,153392,21,,542002,269763,49.77
2025,LC,158757,22,,542002,383516,70.76
2025,LC,158716,23,,542002,215734,39.8
2025,LC,150674,24,,542002,320948,59.22
2025,LC,150643,25,,542002,253126,46.7
2025,LC,44047,26,,542002,497645,91.82
2025,LC,118196,27,,542002,423064,78.06
2025,LC,150505,28,,542002,291337,53.75
2025,LC,150761,29,,542002,214966,39.66
2025,LC,153420,30,,542002,123120,22.72
2025,LC,153419,31,,542002,307903,56.81
2025,LC,140908,32,,542002,78763,14.53
2025,LC,140845,33,,542002,380954,70.29
2025,LC,120341,34,,542002,230270,42.49
2025,LC,150642,35,,542002,262858,48.5
2025,LC,153681,36,,542002,236763,43.68
2025,LC,97881,37,,542002,283257,52.26
2025,LC,43532,38,,542002,222512,41.05
2025,LC,152784,39,,542002,373153,68.85
2025,LC,150607,40,,542002,210716,38.88
2025,LC,153550,41,,542002,233522,43.09
2025,LC,66526,42,,542002,277447,51.19
2025,LC,157593,43,,542002,248491,45.85
2025,LC,17166,44,,542002,316767,58.44
2025,LC,120714,45,,542002,340144,62.76
2025,MT,60344,136,,511808,269253,52.61
2025,MT,96778,137,,511808,101743,19.88
2025,MT,125905,138,,511808,181853,35.53
2025,MT,86942,139,,511808,206322,40.31
2025,MT,141568,140,,511808,45055,8.8
2025,MT,63293,141,,511808,207500,40.54
2025,MT,38222,142,,511808,241438,47.17
2025,MT,95625,143,,511808,289857,56.63
2025,MT,49136,144,,511808,106572,20.82
2025,MT,117764,145,,511808,363356,70.99
2025,MT,153134,146,,511808,308518,60.28
2025,MT,50210,147,,511808,244836,47.84
2025,MT,125926,148,,511808,223581,43.68
2025,MT,16540,149,,511808,144040,28.14
2025,MT,31953,150,,511808,223124,43.6
2025,MT,96979,151,,511808,367514,71.81
2025,MT,16995,152,,511808,137921,26.95
2025,MT,88952,153,,511808,109046,21.31
2025,MT,83162,154,,511808,229666,44.87
2025,MT,84096,155,,511808,152060,29.71
2025,MT,15396,156,,511808,165169,32.27
2025,MT,117625,157,,511808,239216,46.74
2025,MT,117856,158,,511808,180834,35.33
2025,MT,41895,159,,511808,261136,51.02
2025,MT,95816,160,,511808,88343,17.26
2025,MT,141518,161,,511808,199193,38.92
2025,MT,83575,162,,511808,138541,27.07
2025,MT,96852,163,,511808,352895,68.95
2025,MT,28216,164,,511808,196505,38.39
2025,MT,49227,165,,511808,177303,34.64
2025,MT,63713,166,,511808,146985,28.72
2025,MT,44306,167,,511808,166535,32.54
2025,MT,63313,168,,511808,303711,59.34
2025,MT,111771,169,,511808,102628,20.05
2025,MT,111673,170,,511808,185013,36.15
2025,MT,141562,171,,511808,68184,13.32
2025,MT,97593,172,,511808,57560,11.25
2025,MT,111422,173,,511808,128079,25.02
2025,MT,27847,175,,511808,75658,14.78
2025,MT,28587,176,,511808,244647,47.8
2025,MT,44510,177,,511808,167742,32.77
2025,MT,8460,178,,511808,80212,15.67
2025,MT,126023,179,,511808,262993,51.39
2025,MT,84405,180,,511808,101350,19.8
